X,Y,OBJECTID,Line_Name,Station_Name,Street_Address,On_Street,At_Street,City,State,Zip,Municipality,County,Fare_Zone,Owner,Property_Status,Mile_Post,ADA_Accessible,Parking_Available,Number_of_Daily_Parking_Spaces,Daily_Car_Count,Number_of_Bike_Racks,Max_Number_of_Bicycles,Taxi_Stand,Elevators,Escalators,Platform_Type,Ticket_Office,Station_Building,Historic_Station_Building,Enclosed_Waiting_Room,Passenger_Shelter,Passenger_Canopy,Bench,Lighting,Restroom,Trash_Receptacle,Recycling_Bin,Map,Schedule_Information,Fare_Information,Minority_Area,Low_Income_Area,Minority_Low_Income_Area,PA_US_Congressional_District,PA_State_Senate_District,PA_State_House_District,Philadelphia_City_Council_Distr,Weekday_Inbound_Boards,Weekday_Inbound_Leaves,Weekday_Outbound_Boards,Weekday_Outbound_Leaves,Weekday_Total_Boards,Weekday_Total_Leaves,Weekday_Inbound_Trips,Weekday_Outbound_Trips,Saturday_Inbound_Boards,Saturday_Inbound_Leaves,Saturday_Outbound_Boards,Saturday_Outbound_Leaves,Saturday_Total_Boards,Saturday_Total_Leaves,Saturday_Inbound_Trips,Saturday_Outbound_Trips,Sunday_Inbound_Boards,Sunday_Inbound_Leaves,Sunday_Outbound_Boards,Sunday_Outbound_Leaves,Sunday_Total_Boards,Sunday_Total_Leaves,Sunday_Inbound_Trips,Sunday_Outbound_Trips,Total_Daily_Board,Total_Daily_Leaves,Total_Weekly_Boards,Total_Weekly_Leaves,Total_Weekly_Trips,Total_Annual_Boards,Total_Annual_Leaves,Total_Annual_Trips,Stop_ID,Latitude,Longitude,GlobalID
-75.246573738999984,39.875992154000073,1,Airport Line,Airport Terminal A,Airport Terminal A,Terminal A,Arrivals Rd,Philadelphia,PA,19153,Philadelphia,Philadelphia,4,City of Philadelphia,Not Owned or Leased,9.1,Yes,No,N/A,0,0,0,Yes,Yes,No,High,No,No,No,No,No,No,Yes,Yes,Yes,Yes,Yes,Yes,Yes,Yes,No,No,No,1,1,185,2,525,0,4,624,529,624,,,351,0,0,457,351,457,,,464,1,1,460,465,461,,,1345,1542,3461,4038,,180115,209631,,90404,39.87596242,-75.2465466,d2719e1f-ad4f-4074-9a93-6da928b442ed
-75.244632723999985,39.876380330000075,2,Airport Line,Airport Terminal B,Airport Terminal B,Terminal B,Arrivals Rd,Philadelphia,PA,19153,Philadelphia,Philadelphia,4,City of Philadelphia,Not Owned or Leased,9.2,Yes,No,N/A,0,0,0,Yes,Yes,No,High,No,No,No,No,No,No,Yes,Yes,Yes,Yes,Yes,Yes,Yes,Yes,No,No,No,1,1,185,2,447,0,1,500,448,500,,,384,0,0,462,384,462,,,410,0,0,433,410,433,,,1242,1396,3034,3396,,158003,176703,,90403,39.8763458,-75.24458243,b0923915-7fa4-43a2-834c-c5f97362c776
-75.241542412999934,39.877322491000029,3,Airport Line,Airport Terminals C&D,Airport Terminals C&D,Terminals C&D,Arrivals Rd,Philadelphia,PA,19153,Philadelphia,Philadelphia,4,City of Philadelphia,Not Owned or Leased,9.3,Yes,No,N/A,0,0,0,Yes,Yes,No,High,No,No,No,No,No,No,Yes,Yes,Yes,Yes,Yes,Yes,Yes,Yes,No,No,No,1,1,185,2,612,0,4,455,616,455,,,470,0,0,303,470,303,,,597,0,0,309,597,309,,,1683,1067,4147,2887,,216140,149691,,90402,39.87729572,-75.24142422,6b9d6b00-8587-4ef3-a411-f1cb1be8d0f0
-75.240039994999961,39.87898096300006,4,Airport Line,Airport Terminals E&F,Airport Terminals E&F,Terminals E&F,Arrivals Rd,Philadelphia,PA,19153,Philadelphia,Philadelphia,4,City of Philadelphia,Not Owned or Leased,9.4,Yes,No,N/A,0,0,0,Yes,Yes,No,High,No,No,No,No,No,Yes,Yes,Yes,Yes,Yes,Yes,Yes,Yes,Yes,No,No,No,1,1,185,2,431,0,0,325,431,325,,,255,0,0,254,255,254,,,350,0,0,283,350,283,,,1035,862,2759,2163,,143433,112544,,90401,39.87907921,-75.23996108,0d8d0012-a93f-468e-865a-1fb70a99299b
-75.244980618999989,39.89165050500003,5,Airport Line,Eastwick,8511 Bartram Ave,Bartram Ave,84th St,Philadelphia,PA,19153,Philadelphia,Philadelphia,2,City of Philadelphia,Not Owned or Leased,7.2,Yes,No,N/A,0,0,0,No,No,No,Mini,No,No,No,No,Yes,No,Yes,Yes,No,Yes,Yes,Yes,Yes,Yes,Yes,Yes,Yes,1,1,185,2,395,3,4,403,399,406,,,164,8,4,139,168,148,,,164,5,3,141,166,146,,,734,700,2330,2325,,120145,119721,,90405,39.89168101,-75.24495309,2e68919a-d1b4-4933-be63-5693ae2f3a20
-75.207758958999989,40.081041612000035,6,Chestnut Hill East Line,Chestnut Hill East,100 E. Chestnut Hill Ave,E. Cheastnut Hill Ave,Bethlehem Pike,Philadelphia,PA,19118,Philadelphia,Philadelphia,2,SEPTA,Own,10.8,No,Yes,130,110,2,4,No,No,No,Low,Yes,Yes,Yes,Yes,No,Yes,Yes,Yes,No,Yes,Yes,Yes,Yes,Yes,No,No,No,2,4,200,8,215,0,0,253,215,253,,,114,0,0,105,114,105,,,60,0,0,75,60,75,,,389,433,1250,1445,,64274,74315,,90720,40.08104128,-75.20777201,eaf81fe2-f274-45c2-85bd-f9b7149e076c
-75.171934869999973,40.037838595000039,7,Chestnut Hill East Line,Germantown,150 E. Chelten Ave,E. Chelton Ave,Bayton St,Philadelphia,PA,19144,Philadelphia,Philadelphia,1,SEPTA,Own,6.8,No,Yes,38,26,0,0,No,No,No,Low,No,No,No,No,Yes,No,Yes,Yes,No,Yes,Yes,Yes,Yes,Yes,Yes,Yes,Yes,2,4,201,8,83,6,1,119,84,125,,,47,4,4,67,50,70,,,40,4,4,43,44,47,,,178,242,513,743,,26516,38277,,90713,40.03782671,-75.17192744,93731ecd-e19e-4406-91eb-101109142f48
-75.201841835999971,40.077462288000049,8,Chestnut Hill East Line,Gravers,8321 Anderson St,Anderson St,Gravers Ln,Philadelphia,PA,19118,Philadelphia,Philadelphia,2,SEPTA,Own,10.3,No,Yes,14,14,0,0,No,No,No,Low,No,No,Yes,No,Yes,No,Yes,Yes,No,Yes,Yes,Yes,Yes,Yes,No,No,No,2,4,200,8,125,0,0,149,125,149,,,22,0,0,40,22,40,,,29,0,0,36,29,36,,,176,226,676,824,,34706,42291,,90719,40.07745912,-75.2018439,dc030d47-1874-45bb-9ae2-5b75c7680bee
-75.19104430699997,40.065255796000031,9,Chestnut Hill East Line,Mount Airy,149 E. Gowen Ave,E. Gowen Ave,Devon St,Philadelphia,PA,19119,Philadelphia,Philadelphia,2,SEPTA,Own,9.3,No,No,N/A,0,0,0,No,No,No,Low,Yes,Yes,Yes,No,No,No,Yes,Yes,No,Yes,Yes,Yes,Yes,Yes,No,No,No,2,4,200,8,248,0,0,228,248,228,,,85,0,1,74,86,74,,,53,0,1,64,54,64,,,388,366,1382,1276,,70920,65613,,90717,40.06524996,-75.19104403,7c07180e-cd81-40e8-aed5-9990aa9b5ae2
-75.185122512999953,40.062816869000073,10,Chestnut Hill East Line,Sedgwick,7139 Devon St,Devon St,E. Mt. Pleasant Ave,Philadelphia,PA,19119,Philadelphia,Philadelphia,2,SEPTA,Own,8.9,No,Yes,19,13,0,0,No,No,No,Low,No,No,Yes,No,No,Yes,Yes,Yes,No,Yes,Yes,Yes,Yes,Yes,Yes,No,No,2,4,200,8,262,1,3,269,265,270,,,92,1,2,87,94,88,,,54,0,1,52,55,52,,,413,410,1472,1490,,75530,76452,,90716,40.06281394,-75.18512702,9b9b76a3-2ba7-4d53-b9a5-6759d70521da
-75.178832795999938,40.060563117000072,11,Chestnut Hill East Line,Stenton,6797 Blakemore St,Blakemore St,E. Vernon Rd,Philadelphia,PA,19119,Philadelphia,Philadelphia,2,SEPTA,Own,8.6,No,Yes,62,62,0,0,No,No,No,Low,Yes,Yes,No,No,Yes,No,Yes,Yes,No,Yes,Yes,Yes,Yes,Yes,Yes,Yes,Yes,2,4,200,8,414,2,1,412,415,414,,,89,3,2,88,91,91,,,106,0,2,93,108,93,,,614,598,2273,2254,,116790,115691,,90715,40.06055908,-75.17883597,0fff58e2-e441-47bf-9652-cdca424472fb
-75.171531089999974,40.051058925000063,12,Chestnut Hill East Line,Washington Lane,823 E. Washington Ln,E. Washington Ln,Clearview St,Philadelphia,PA,19138,Philadelphia,Philadelphia,2,SEPTA,Own,7.8,No,Yes,41,41,0,0,No,No,No,Low,No,No,No,No,Yes,No,Yes,Yes,No,Yes,Yes,Yes,Yes,Yes,Yes,Yes,Yes,2,4,201,8,166,4,1,197,167,201,,,46,4,5,66,51,70,,,37,1,0,51,37,52,,,256,323,925,1126,,47501,57845,,90714,40.05106588,-75.17154515,aa1ecf5b-27bf-4e24-b72b-802a5a500783
-75.161465258999954,40.036182066000038,13,Chestnut Hill East Line,Wister,5230 Belfield Ave,Belfield Ave,Armstrong St,Philadelphia,PA,19144,Philadelphia,Philadelphia,1,SEPTA,Own,6.1,No,No,N/A,0,0,0,No,No,No,Low,No,No,No,No,Yes,Yes,Yes,Yes,No,Yes,Yes,Yes,Yes,Yes,Yes,Yes,Yes,2,4,201,8,86,3,0,87,86,90,,,22,4,0,25,22,30,,,16,0,2,18,18,18,,,127,138,472,498,,24246,25538,,90712,40.0361789,-75.16149001,676380ea-5ff7-4d2c-bbd7-189e130936d9
-75.196739397999977,40.073439093000047,14,Chestnut Hill East Line,Wyndmoor,256 Wyndmoor St,Wyndmoor St,E. Willow Grove Ave,Philadelphia,PA,19118,Philadelphia,Philadelphia,2,SEPTA,Own,10,No,Yes,150,126,0,0,No,No,No,Low,Yes,Yes,Yes,No,Yes,Yes,Yes,Yes,No,Yes,Yes,Yes,Yes,Yes,Yes,No,No,2,4,200,8,454,3,2,441,456,444,,,216,1,0,176,216,177,,,114,2,1,109,115,111,,,787,732,2612,2507,,134258,128801,,90718,40.07344814,-75.19675189,3394bf62-1695-46f4-84a3-83214a69262b
-75.19492511499999,40.057457918000068,15,Chestnut Hill West Line,Allen Lane,7260 Cresheim Rd,Cresheim Rd,W. Allen Ln,Philadelphia,PA,19119,Philadelphia,Philadelphia,2,SEPTA,Own,4.8,Yes,Yes,6,6,0,0,No,No,No,High,No,Yes,Yes,No,Yes,Yes,Yes,Yes,No,Yes,Yes,Yes,Yes,Yes,Yes,No,No,2,4,198,8,298,3,4,322,302,325,,,82,7,1,104,83,111,,,41,2,3,29,44,31,,,429,467,1637,1767,,83853,90445,,90804,40.05745792,-75.19492511,45f7fa50-6a85-454d-a58b-264f8bcc27c9
-75.191618976999962,40.050928007000039,16,Chestnut Hill West Line,Carpenter,201 Carpenter Ln,Carpenter Ln,Emlen st,Philadelphia,PA,19119,Philadelphia,Philadelphia,2,SEPTA,Own,4.4,No,Yes,93,44,0,0,No,No,No,Low,Yes,Yes,Yes,Yes,No,No,Yes,Yes,No,Yes,Yes,Yes,Yes,Yes,Yes,Yes,Yes,2,4,200,8,388,7,7,417,395,424,,,84,7,6,73,90,80,,,50,2,2,61,52,63,,,537,567,2117,2263,,108421,115934,,90805,40.05092801,-75.19161898,2b7a8044-4d84-4ebe-9ee7-995e9f04bcd8
-75.18109626599994,40.029959563000034,17,Chestnut Hill West Line,Chelten Avenue,359 W. Chelten Ave,W. Chelton Ave,Morris St,Philadelphia,PA,19144,Philadelphia,Philadelphia,1,SEPTA,Own,2.8,No,Yes,24,24,0,0,No,No,No,Low,Yes,Yes,No,No,No,Yes,Yes,Yes,No,Yes,Yes,Yes,Yes,Yes,Yes,Yes,Yes,2,3,198,8,376,16,15,414,391,430,,,129,12,11,128,140,140,,,67,10,14,96,81,106,,,612,676,2177,2396,,111734,123078,,90808,40.02995956,-75.18109627,1c0021f1-33f5-4433-a114-33ebaaefdbd4
-75.208512173999964,40.076228177000075,18,Chestnut Hill West Line,Chestnut Hill West,9 W. Evergreen Ave,W. Evergreen Ave,Germantown Ave,Philadelphia,PA,19118,Philadelphia,Philadelphia,2,SEPTA,Own,6.65,Yes,Yes,119,87,0,0,No,No,No,High,Yes,Yes,Yes,Yes,No,Yes,Yes,Yes,No,Yes,Yes,Yes,Yes,Yes,No,No,No,2,4,200,8,447,0,0,476,447,476,,,168,0,0,156,168,156,,,97,0,0,104,97,104,,,712,736,2502,2640,,128424,135524,,90801,40.07622818,-75.20851217,562302d3-7da7-4a90-97da-c37f9758dc60
-75.21112681599999,40.070349096000029,19,Chestnut Hill West Line,Highland,8452 St. Martins Ln,St. Martins Ln,Highland Ave,Philadelphia,PA,19118,Philadelphia,Delaware,2,SEPTA,Own,6.1,No,Yes,61,10,0,0,No,No,No,Low,No,No,No,No,No,No,Yes,Yes,No,Yes,Yes,Yes,Yes,Yes,No,No,No,1,9,159,,53,0,3,61,56,61,,,8,0,0,8,8,8,,,7,0,0,6,7,6,,,71,75,295,319,,15102,16319,,90802,40.0703491,-75.21112682,8d71f3cc-e60b-469a-8066-67ccaafa4d50
-75.15658399199998,39.997211994000054,20,Chestnut Hill West Line,North Philadelphia,1503 W. Indiana Ave,W. Indiana Ave,N. Broad St,Philadelphia,PA,19132,Philadelphia,Philadelphia,1,AMTRAK,Leased,0.07,No,Yes,100,3,0,0,No,No,No,Low,No,Yes,No,No,Yes,No,Yes,Yes,No,Yes,Yes,Yes,Yes,Yes,Yes,Yes,Yes,2,3,197,8,3,21,31,5,34,26,,,,12,8,4,8,16,,,,11,4,2,4,13,,,46,55,182,159,,9318,8216,,90810,39.99721199,-75.15658399,5ba36ab3-990d-4a3d-9c09-a6deca091d4d
-75.178067257999942,40.023258034000037,21,Chestnut Hill West Line,Queen Lane,575 W. Queen Ln ,W. Queen Ln,Wissahickon Ave,Philadelphia,PA,19144,Philadelphia,Philadelphia,1,SEPTA,Own,2.2,Yes,Yes,51,51,0,0,No,No,No,Mini,Yes,Yes,Yes,Yes,Yes,Yes,Yes,Yes,No,Yes,Yes,Yes,Yes,Yes,Yes,Yes,Yes,2,3,198,8,507,32,35,500,542,532,,,135,4,7,128,142,132,,,50,2,0,63,50,65,,,734,729,2900,2857,,148418,146294,,90809,40.02325803,-75.17806726,0b5719fb-d6ab-4779-8195-739993a0d678
-75.204526160999933,40.065803707000043,22,Chestnut Hill West Line,St. Martins,320 W. Willow Grove Ave,W. Willow Grove Ave,Pocono St,Philadelphia,PA,19118,Philadelphia,Philadelphia,2,SEPTA,Own,5.6,No,Yes,76,38,0,0,No,No,No,Low,Yes,Yes,Yes,Yes,No,Yes,Yes,Yes,No,Yes,Yes,Yes,Yes,Yes,No,No,No,2,4,198,8,191,2,0,150,191,152,,,54,1,1,45,55,46,,,18,0,0,23,18,23,,,264,221,1028,829,,52609,42486,,90803,40.06580371,-75.20452616,4f3fdb8c-beb3-4c49-857f-8ba62d38be6e
-75.18695814199998,40.035122891000071,23,Chestnut Hill West Line,Tulpehocken,333 W. Tulpehocken St,W. Tulpehocken St,Wayne Ave,Philadelphia,PA,19144,Philadelphia,Philadelphia,2,SEPTA,Own,3.3,No,Yes,32,25,0,0,No,No,No,Low,No,No,Yes,No,Yes,No,Yes,Yes,No,Yes,Yes,Yes,Yes,Yes,Yes,Yes,Yes,2,3,198,8,185,5,4,195,189,200,,,62,7,4,73,66,80,,,41,2,7,41,48,43,,,303,323,1059,1123,,54411,57654,,90807,40.03512289,-75.18695814,68d58924-7c01-4198-8ba0-4c530489ca85
-75.19018317299998,40.042381972000044,24,Chestnut Hill West Line,Upsal,6505 Greene St,Greene St,W. Upsal St,Philadelphia,PA,19119,Philadelphia,Philadelphia,2,SEPTA,Own,3.8,No,Yes,7,7,0,0,No,No,No,Low,No,No,Yes,No,Yes,No,Yes,Yes,No,Yes,Yes,Yes,Yes,Yes,Yes,No,No,2,4,198,8,419,6,5,336,424,342,,,99,5,4,110,103,115,,,69,2,3,54,72,56,,,599,513,2295,1881,,117652,96438,,90806,40.04238197,-75.19018317,c5a5e8ef-5cd4-4fb7-9567-3ad4f7c43f6a
-75.227762617999986,40.001042706000078,25,Cynwyd Line,Bala,9 City Ave,City Ave,Bala Ave,Philadelphia,PA,19131,Lower Merion,Philadelphia,2,SEPTA,Own,5.7,Yes,Yes,76,70,0,0,No,No,No,Mini,No,No,Yes,No,No,No,Yes,Yes,No,Yes,Yes,Yes,Yes,Yes,No,No,No,2,17,194,,126,1,0,120,126,121,,,,,,,0,0,,,,,,,0,0,,,126,121,630,605,,32130,30855,,90002,40.00104271,-75.22776262,5b4fa0af-e6c7-4f1c-9665-1f4541c9f0b0
-75.231867757999964,40.006858264000073,26,Cynwyd Line,Cynwyd,1 E. Montgomery Ave,Montgomery Ave,Conshohocken State Rd,Bala Cynwyd,PA,19004,Lower Merion,Philadelphia,2,SEPTA,Own,6.1,Yes,Yes,51,41,0,0,No,No,No,Low,No,No,Yes,No,No,Yes,Yes,Yes,No,Yes,Yes,Yes,Yes,Yes,No,No,No,2,17,194,,119,0,0,95,119,95,,,,,,,0,0,,,,,,,0,0,,,119,95,595,475,,30345,24225,,90001,40.00685826,-75.23186776,6fc88583-3447-4663-8a1c-4c820911ac6b
-75.225646671999982,39.990213250000068,27,Cynwyd Line,Wynnefield Avenue,5024  Wynnfield Ave,Wynnfield Ave,Bryn Mawr Ave,Philadelphia,PA,19131,Philadelphia,Philadelphia,1,SEPTA,Own,4.9,No,Yes,71,68,0,0,No,No,No,Low,No,No,Yes,No,No,No,Yes,Yes,No,Yes,Yes,Yes,Yes,Yes,Yes,Yes,Yes,2,7,194,4,72,0,4,79,76,79,,,,,,,0,0,,,,,,,0,0,,,76,79,380,395,,19380,20145,,90003,39.99021325,-75.22564667,fd321ed5-950d-42ba-99d5-cf82ac01e423
-75.092869182999948,40.057870683000033,28,Fox Chase Line,Cheltenham,589 Hasbrook Ave,Hasbrook Ave,Old Soldiers Rd,Philadelphia,PA,19111,Philadelphia,Philadelphia,2,SEPTA,Own,9.7,Yes,Yes,74,30,3,6,No,No,No,High,Yes,Yes,No,Yes,No,No,Yes,Yes,No,Yes,Yes,Yes,Yes,Yes,Yes,Yes,Yes,13,3,170,9,301,0,0,360,301,360,,,70,0,6,65,76,65,,,21,0,0,37,21,37,,,398,462,1602,1902,,81925,97326,,90813,40.05788785,-75.09285086,e2250c6a-ae6f-4e8e-a852-44e75e5ac625
-75.083523820999972,40.07590997300008,29,Fox Chase Line,Fox Chase,440 Rhawn St,Rahwn St,Elberon Ave,Philadelphia,PA,19111,Philadelphia,Philadelphia,2,SEPTA,Own,11.1,Yes,Yes,325,325,3,6,No,No,No,Mini,Yes,Yes,No,Yes,No,Yes,Yes,Yes,No,Yes,Yes,Yes,Yes,Yes,No,Yes,No,13,3,172,10,1376,0,0,1254,1376,1254,,,279,0,0,279,279,279,,,131,0,0,148,131,148,,,1786,1681,7291,6697,,373012,342862,,90815,40.07590997,-75.08352382,e1796dec-4b6a-41fc-a642-5ed0caa89f2a
-75.103231798999957,40.051367653000057,30,Fox Chase Line,Lawndale,105 Devereaux Ave,Devereaux Ave,Newtown Ave,Philadelphia,PA,19111,Philadelphia,Philadelphia,2,SEPTA,Own,9,Yes,No,N/A,0,0,0,No,No,No,High,No,No,No,No,Yes,No,Yes,Yes,No,Yes,Yes,Yes,Yes,Yes,Yes,No,No,13,4,154,,197,0,1,226,198,226,,,36,3,1,37,37,40,,,26,3,1,27,27,30,,,262,296,1054,1200,,53980,61450,,90812,40.05136765,-75.1032318,7c2d43c8-7fdd-4cb0-9d7a-2e7cc8f5afbd
-75.122513925999954,40.033395612000049,31,Fox Chase Line,Olney,5411 N. Mascher St,N. Mascher St,Tabor Rd,Philadelphia,PA,19120,Philadelphia,Philadelphia,1,SEPTA,Own,7.3,Yes,Yes,61,61,0,0,No,No,No,High,No,No,No,No,No,No,Yes,Yes,No,Yes,Yes,Yes,Yes,Yes,Yes,Yes,Yes,13,3,198,9,170,2,4,146,174,148,,,55,2,4,35,59,37,,,26,0,1,26,27,26,,,260,211,956,803,,49004,41172,,90811,40.0333942,-75.12251613,c17cc909-1045-4131-9254-3bd050a82b8b
-75.086731148999945,40.063645491000045,32,Fox Chase Line,Ryers,701 Cottman Ave,Cottman Ave,Hasbrook Ave,Philadelphia,PA,19111,Philadelphia,Philadelphia,2,SEPTA,Own,10.21,Yes,Yes,59,59,0,0,No,No,No,Low,No,No,No,No,No,Yes,Yes,Yes,No,Yes,Yes,Yes,Yes,Yes,No,Yes,No,13,3,170,10,378,2,0,417,378,419,,,91,3,3,79,94,82,,,39,0,0,34,39,34,,,511,535,2023,2211,,103540,113081,,90814,40.06364018,-75.08673619,251efeda-4e8d-434e-ace8-50244f940c06
-75.181805964999967,39.956516281000063,33,Joint,30th Street Station,2955 Market St,30th St,Market St,Philadaelphia,PA,19104,Philadelphia,Philadelphia,0,AMTRAK,Leased,0.9,Yes,No,N/A,0,0,0,Yes,Yes,Yes,High,Yes,Yes,Yes,Yes,No,No,Yes,Yes,Yes,Yes,Yes,Yes,Yes,Yes,Yes,Yes,Yes,2,7,195,3,,,12851,,12851,12851,,,,,4535,,4535,4535,,,,,4000,,4000,4000,,,21386,21386,72790,72790,,3744825,3744825,,90004,39.95651628,-75.18180596,d9618ce0-d02b-486c-9f1b-ea2dc67d8032
-75.127676758999939,40.071228057000042,34,Joint,Elkins Park,7876 Spring Ave,Spring Ave,Park Ave,Elkins Park,PA,19027,Cheltenham,Montgomery,2,SEPTA,Own,9.2,No,Yes,123,123,0,0,No,No,No,Low,Yes,Yes,Yes,Yes,No,Yes,Yes,Yes,No,Yes,Yes,Yes,Yes,Yes,Yes,No,No,13,4,154,,592,31,137,435,729,466,,,213,17,12,238,225,255,,,141,6,12,104,153,110,,,1107,831,4022,2697,,206392,138564,,90409,40.07122806,-75.12767676,f78c04ba-be3d-4b45-95d5-f98ed38c40c4
-75.1348088299999,40.040884985000048,35,Joint,Fern Rock T.C.,900 Nedro Ave,Nedro Ave,10th St,Philadelphia,PA,19141,Philadelphia,Philadelphia,1,SEPTA,Own,7,Yes,Yes,713,713,0,0,No,Yes,No,High,No,No,No,No,No,Yes,Yes,Yes,No,Yes,Yes,Yes,Yes,Yes,Yes,Yes,Yes,2,4,202,9,361,434,451,339,813,773,,,167,307,238,176,405,483,,,140,143,123,110,263,253,,,1481,1509,4732,4599,,243563,236816,,90407,40.04088499,-75.13480883,ab14f7e9-bbd6-4799-824d-09995d85beda
-75.153746396999964,40.101353927000048,36,Joint,Glenside,49 W. Glenside Ave,W. Glenside Ave,S. Easton Rd,Glenside,PA,19038,Cheltenham,Montgomery,3,SEPTA,Own,11.9,No,Yes,313,313,8,16,No,No,No,Low,Yes,Yes,Yes,Yes,No,Yes,Yes,Yes,No,Yes,Yes,Yes,Yes,Yes,No,Yes,No,13,4,154,,1043,108,132,978,1175,1087,,,528,57,54,485,582,541,,,291,37,48,284,339,321,,,2096,1949,6797,6295,,349585,323834,,90411,40.10134785,-75.15375504,ed1c106a-742d-4196-ad5f-e1c646b6586a
-75.158372026999984,39.952640798000061,37,Joint,Jefferson,1100 Market St,11th St,Market St,Philadaelphia,PA,19107,Philadelphia,Philadelphia,0,SEPTA,Own,0.4,Yes,No,N/A,0,0,0,Yes,No,Yes,High,Yes,Yes,No,Yes,No,Yes,Yes,Yes,Yes,Yes,Yes,Yes,Yes,Yes,Yes,Yes,Yes,1,1,175,1,,,14369,,14369,14369,,,,,5034,,5034,5034,,,,,4914,,4914,4914,,,24317,24317,81793,81793,,4210875,4210875,,90006,39.9526408,-75.15837203,3305ecf2-ec64-4473-99ac-8d6fa016a77d
-75.137728119999963,40.093146948000026,38,Joint,Jenkintown-Wyncote,2 Greenwood Ave,Greenwood Ave,Glenside Ave,Jenkintown,PA,19046,Jenkintown,Montgomery,3,SEPTA,Own,10.7,No,Yes,589,589,8,16,No,No,No,Low,Yes,Yes,Yes,Yes,No,Yes,Yes,Yes,No,Yes,Yes,Yes,Yes,Yes,No,Yes,No,13,4,154,,1477,189,203,1491,1680,1680,,,648,68,66,623,715,691,,,379,37,45,239,425,276,,,2819,2647,9537,9366,,490098,480283,,90410,40.09314695,-75.13772812,8fc1e4ba-d0ff-4d3b-8d1e-951745c0d4b2
-75.129140648999964,40.059478790000071,39,Joint,Melrose Park,900 Valley Rd,Valley Rd,Mill Rd,Elkins Park,PA,19027,Cheltenham,Montgomery,2,SEPTA,Own,8.4,Yes,Yes,198,170,0,0,No,No,No,High,Yes,Yes,No,Yes,No,Yes,Yes,Yes,No,Yes,Yes,Yes,Yes,Yes,No,No,No,13,4,154,,506,24,29,461,534,484,,,171,17,25,189,196,206,,,101,5,30,92,131,97,,,861,787,2999,2725,,154044,139860,,90408,40.05947879,-75.12914065,51810be9-ef8b-478e-a14a-e2716d7f4ce7
-75.153710545999957,39.991877955000064,40,Joint,North Broad,2693 N. Broad St (near Lehigh Ave),N. Broad St,Lehigh Ave,Philadelphia,PA,19133,Philadelphia,Philadelphia,1,SEPTA,Own,2.9,Yes,No,N/A,0,0,0,No,No,No,Mini,No,No,No,No,No,No,Yes,Yes,No,Yes,Yes,Yes,Yes,Yes,Yes,Yes,Yes,2,3,181,5,11,133,158,16,169,149,,,10,84,97,19,107,103,,,6,84,62,38,68,121,,,344,373,1021,969,,52641,50366,,90008,39.99187796,-75.15371055,b71340cd-6763-4c1f-bba0-a60ffafd2eb8
-75.16747097199999,39.95399019000007,41,Joint,Suburban Station,1600 J.F.K Blvd,16th St,JFK Blvd,Philadaelphia,PA,19103,Philadelphia,Philadelphia,0,SEPTA,Own,0,Yes,No,N/A,0,0,0,Yes,No,Yes,High,Yes,Yes,No,Yes,No,Yes,Yes,Yes,Yes,Yes,Yes,Yes,Yes,Yes,No,Yes,No,2,1,182,5,,,25049,,25049,25049,,,,,4009,,4009,4009,,,,,3008,,3008,3008,,,32066,32066,132262,132262,,6770427,6770427,,90005,39.95399019,-75.16747097,b1c4413b-6d73-46f9-bacc-3b0d3cc93623
-75.149531786999944,39.981478976000062,42,Joint,Temple University,927 W. Berks St,Berks St,10th St,Philadelphia,PA,19122,Philadelphia,Philadelphia,0,SEPTA,Own,2.1,Yes,No,N/A,0,0,0,No,Yes,No,High,Yes,Yes,No,No,Yes,Yes,Yes,Yes,No,Yes,Yes,Yes,Yes,Yes,Yes,Yes,Yes,2,3,181,5,1007,2088,2138,868,3145,2955,,,452,460,610,407,1062,866,,,343,443,393,434,736,877,,,4943,4698,17522,16519,,899833,849494,,90007,39.98147898,-75.14953179,9ad1547c-8121-43b9-af3c-3a655fbfd52b
-75.189932124999984,39.948197535000077,43,Joint,University City,3149 Convention Blvd,Convention Blvd,South St,Philadaelphia,PA,19104,Philadelphia,Philadelphia,0,SEPTA,Own,1.7,Yes,No,N/A,0,0,0,No,Yes,No,High,Yes,Yes,No,No,Yes,Yes,Yes,Yes,No,Yes,Yes,Yes,Yes,Yes,Yes,No,No,2,8,188,3,1560,1590,1555,1646,3115,3236,,,143,252,250,138,393,390,,,130,208,210,147,340,355,,,3848,3981,16308,16926,,834460,866078,,90406,39.94819754,-75.18993212,5226b0cf-8b7c-47a6-a324-46d12b0724c1
-75.159950297999956,40.02242327600004,44,Joint,Wayne Junction,2129 Windrim Ave,Windrim Ave,Wayne Ave,Philadaelphia,PA,19144,Philadelphia,Philadelphia,1,SEPTA,Own,5.2,No,No,N/A,0,0,0,No,No,No,High,Yes,Yes,Yes,Yes,No,Yes,Yes,Yes,No,Yes,Yes,Yes,Yes,Yes,Yes,Yes,Yes,2,3,198,8,353,206,161,312,514,517,,,179,59,71,189,249,248,,,150,61,61,91,211,152,,,974,917,3030,2987,,156235,153627,,90009,40.02242328,-75.1599503,6a80af2b-d611-47df-bc3c-45be17a613e0
-75.22435961399998,40.15282723200005,45,Lansdale Doylestown Line,Ambler,35 W. Butler Ave,Butler Ave,W. Maple St,Ambler,PA,19002,Ambler,Montgomery,3,SEPTA,Own,17.2,Yes,Yes,588,552,2,6,No,No,No,High,Yes,Yes,No,Yes,Yes,No,Yes,Yes,No,Yes,Yes,Yes,Yes,Yes,No,Yes,No,13,12,151,,1184,41,18,863,1203,904,,,223,19,23,228,246,247,,,168,16,16,200,184,216,,,1633,1368,6444,4984,,330199,255938,,90526,40.15280274,-75.22435441,7ec33112-d966-48f1-96fd-aa520b5161f8
-75.211072972999943,40.287780268000063,46,Lansdale Doylestown Line,Chalfont,13 Sunset Ave,Sunset Ave,Main St,Chalfont,PA,18914,Chalfont,Bucks,4,SEPTA,Own,5.3,Yes,Yes,81,81,2,4,No,No,No,High,No,No,No,No,Yes,Yes,Yes,Yes,No,Yes,Yes,Yes,Yes,Yes,No,No,No,8,10,144,,124,2,3,137,127,139,,,66,12,15,67,80,79,,,44,2,3,43,47,45,,,254,262,762,817,,39282,42045,,90535,40.28778027,-75.21107297,4261bd46-d478-45fb-9b19-bc69465e8759
-75.254079138999941,40.268495470000062,47,Lansdale Doylestown Line,Colmar,107 Bethlehem Pk,Bethlehem Pike,Walnut St,Colmar,PA,18915,Hatfield,Montgomery,4,SEPTA,Own,2.4,Yes,Yes,291,279,3,6,No,No,No,High,No,No,No,No,Yes,No,Yes,Yes,No,Yes,Yes,Yes,Yes,Yes,No,No,No,8,12,53,,421,2,16,376,437,378,,,195,3,0,211,195,214,,,205,3,0,195,205,198,,,837,791,2587,2304,,133544,119091,,90533,40.26849547,-75.25407914,097e7018-fb46-4184-9290-783262fc4ba0
-75.161782790999951,40.297235472000068,48,Lansdale Doylestown Line,Delaware Valley College,700 E. Butler Ave (on campus),E. Butler Ave,Del Val College Campus,Doylestown,PA,18901,Doylestown,Bucks,4,SEPTA,Own,8.4,Yes,No,N/A,0,0,0,No,No,No,High,No,No,No,No,Yes,No,Yes,Yes,No,Yes,Yes,Yes,Yes,Yes,No,No,No,8,10,143,,61,12,3,75,64,86,,,110,4,1,102,111,106,,,33,2,0,42,33,44,,,208,236,464,581,,24007,30044,,90537,40.29723547,-75.16178279,4c4b1472-12e0-4e8e-ab8f-d1f795f2af9c
-75.130680143999939,40.306199607000053,49,Lansdale Doylestown Line,Doylestown,130 S. Clinton St,S. Clinton St,Bridge st,Doylestown,PA,18901,Doylestown,Bucks,4,SEPTA,Own,10,Yes,Yes,169,155,2,10,No,No,No,Mini,Yes,Yes,Yes,Yes,No,No,Yes,Yes,No,Yes,Yes,Yes,Yes,Yes,No,No,No,8,10,143,,358,0,0,340,358,340,,,226,0,0,255,226,255,,,201,0,0,196,201,196,,,784,791,2216,2149,,114649,111203,,90538,40.30619961,-75.13068014,3e702521-33ae-45a2-b0ed-9a690c5f7489
-75.211573965999946,40.135314061000031,50,Lansdale Doylestown Line,Fort Washington,7299 Station Ave,Station Ave,S. Bethlehem Pike,Fort Washington,PA,19034,Whitemarsh,Montgomery,3,SEPTA,Own,15.9,Yes,Yes,573,573,3,6,No,No,No,High,Yes,Yes,No,Yes,Yes,Yes,Yes,Yes,No,Yes,Yes,Yes,Yes,Yes,No,No,No,7,7,148,,877,38,61,989,938,1027,,,186,5,2,153,188,158,,,107,7,3,154,110,161,,,1236,1346,4988,5455,,255324,279505,,90525,40.13531406,-75.21157397,998ce4e5-5de6-4f78-a849-79ae9d2192ea
-75.266305657999965,40.259503816000063,51,Lansdale Doylestown Line,Fortuna,101 Cowpath Rd,Cowpath Rd,Walnut St,Landsdale,PA,19446,Hatfield,Montgomery,4,SEPTA,Own,1.5,No,Yes,33,25,0,0,No,No,No,Low,No,No,No,No,No,No,Yes,Yes,No,Yes,Yes,Yes,Yes,Yes,No,No,No,8,12,53,,48,1,79,109,126,110,,,69,1,0,65,69,66,,,34,1,2,30,36,31,,,231,207,735,645,,37805,33181,,90532,40.25950382,-75.26630566,5c786e9f-ed7a-4a10-a907-3234cf00717b
-75.256913170999951,40.184816397000077,52,Lansdale Doylestown Line,Gwynedd Valley,521 Plymouth Rd,Plymouth Rd,Railroad Crossing,Ambler,PA,19002,Lower Gwynedd,Montgomery,3,SEPTA,Own,20,No,Yes,118,118,3,6,No,No,No,Low,No,No,No,No,No,No,Yes,Yes,No,Yes,Yes,Yes,Yes,Yes,No,No,No,7,12,61,,237,6,5,228,242,234,,,88,9,8,75,96,83,,,50,0,1,52,51,52,,,389,370,1355,1305,,69570,66987,,90528,40.18480568,-75.25691971,32369aea-ed2e-40f9-b78b-ed04cedcfdec
-75.284866792999935,40.243090982000069,53,Lansdale Doylestown Line,Lansdale,80 W. Main St,W. Main St,Walnut St,Landsdale,PA,19446,Lansdale,Montgomery,4,SEPTA,Own,0.1,Yes,Yes,590,573,4,8,No,No,No,Mini,Yes,Yes,Yes,Yes,No,Yes,Yes,Yes,Yes,Yes,Yes,Yes,Yes,Yes,No,Yes,No,13,24,53,,1453,28,37,1271,1490,1299,,,427,28,18,424,445,452,,,348,9,8,307,356,316,,,2291,2067,8251,7262,,423727,373047,,90531,40.24309098,-75.28486679,1356f4d8-d27c-4973-9c46-afe5c2f649de
-75.246741218999944,40.273891939000066,54,Lansdale Doylestown Line,Link Belt,3367 E. Walnut St,W. Walnut St,County Line Rd,Chalfont,PA,18915,Hatfield,Montgomery,4,SEPTA,Own,3,Yes,No,N/A,0,0,0,No,No,No,High,No,No,No,No,No,No,Yes,Yes,No,Yes,Yes,Yes,Yes,Yes,No,No,No,8,12,53,,39,2,0,48,39,50,,,0,0,0,16,0,16,,,0,0,1,2,1,2,,,40,69,195,271,,9950,13832,,90534,40.27389194,-75.24674122,7814860d-f0cb-495f-9502-c08c3cada569
-75.179640885999959,40.297490609000079,55,Lansdale Doylestown Line,New Britain,100 S. Tamenend,S. Tamenend Ave,Mathews Ave,Doylestown,PA,18901,Doylestown,Bucks,4,SEPTA,Own,7.1,Yes,Yes,39,35,2,4,No,No,No,High,No,No,No,No,Yes,No,Yes,Yes,No,Yes,Yes,Yes,Yes,Yes,No,No,No,8,10,143,,48,1,0,54,48,55,,,23,2,7,28,29,30,,,7,0,0,13,7,13,,,85,98,279,319,,14288,16394,,90536,40.29749061,-75.17964089,830e96c8-fe8e-40ac-9862-674b10da9f6c
-75.278753058999939,40.250349721000077,56,Lansdale Doylestown Line,Ninth Street,141 W. Ninth St,Ninth St,Shaw Ave,Lansdale,PA,19446,Lansdale,Montgomery,4,SEPTA,Own,0.75,Yes,No,N/A,,,,No,No,No,High,No,No,No,No,No,No,Yes,Yes,No,Yes,Yes,Yes,Yes,Yes,No,No,No,13,24,53,,,,,,,,,,,,,,,,,,,,,,,,,,,,,,,,,,90539,40.25034972,-75.27875306,2f9137f0-bc8b-48d0-9772-9cb05da7aa14
-75.169437191999975,40.112032673000044,57,Lansdale Doylestown Line,North Hills,85 Station Ave,Station Ave,N. Hills Ave,Glenside,PA,19038,Abington,Montgomery,3,SEPTA,Own,163,No,Yes,147,105,2,6,No,No,No,Low,Yes,Yes,Yes,No,No,No,Yes,Yes,No,Yes,Yes,Yes,Yes,Yes,No,No,No,13,4,153,,210,27,35,181,245,209,,,40,7,13,37,53,44,,,31,5,5,31,36,36,,,334,288,1316,1122,,67419,57532,,90523,40.11203267,-75.16943719,670914c3-16d3-44df-b7fb-d7fe541da04e
-75.277267532999986,40.214357609000047,58,Lansdale Doylestown Line,North Wales,605 Beaver St,Beaver St,Wissahickon Ave,North Wales,PA,19454,North Wales,Montgomery,4,SEPTA,Own,22.4,Yes,Yes,418,418,2,6,No,No,No,High,Yes,Yes,Yes,No,No,No,Yes,Yes,No,Yes,Yes,Yes,Yes,Yes,No,Yes,No,13,12,61,,781,27,18,736,799,763,,,214,4,6,215,220,219,,,171,13,9,147,179,160,,,1199,1143,4396,4196,,225672,215347,,90529,40.21435598,-75.27726707,d7447206-8900-4370-8ef0-3c0e61dc7c53
-75.183829873999969,40.118196545000046,59,Lansdale Doylestown Line,Oreland,1502 Bruce Rd,Bruce Rd,Bridge St,Oreland,PA,19075,Springfield,Montgomery,3,SEPTA,Own,13.8,No,Yes,145,134,3,6,No,No,No,Low,Yes,Yes,No,Yes,No,Yes,Yes,Yes,No,Yes,Yes,Yes,Yes,Yes,No,No,No,7,7,154,,273,11,13,297,285,307,,,82,8,10,56,91,64,,,43,1,3,38,46,39,,,422,410,1563,1640,,80122,83989,,90524,40.11819002,-75.1838324,e49638f6-e296-4610-b9a1-eb0fc72d7626
-75.243958432999989,40.169711770000049,60,Lansdale Doylestown Line,Penllyn,908 Pershing Rd,Pershing Rd,Old Penllyn Pike,Blue Bell,PA,19422,Lower Gwynedd,Montgomery,3,SEPTA,Own,18.8,No,Yes,55,55,0,0,No,No,No,Low,No,No,Yes,No,Yes,No,Yes,Yes,No,Yes,Yes,Yes,Yes,Yes,Yes,No,No,13,12,61,,202,3,7,215,209,218,,,62,2,2,62,64,64,,,41,0,4,54,45,54,,,317,337,1151,1210,,59095,62133,,90527,40.16971177,-75.24395843,2068b77b-b49c-45b7-a804-db71b3c30a01
-75.28176960899998,40.230285847000061,61,Lansdale Doylestown Line,Pennbrook,1114 Church Rd,Church Rd,Pennbrook Pkwy,Landsdale,PA,19446,Lansdale,Montgomery,4,SEPTA,Own,23.5,Yes,Yes,200,182,2,6,No,No,No,Mini,No,No,No,No,No,No,Yes,Yes,No,Yes,Yes,Yes,Yes,Yes,No,No,No,13,24,53,,429,6,6,369,435,374,,,139,5,3,144,142,148,,,87,6,6,86,93,92,,,670,615,2408,2113,,123599,108539,,90530,40.23028186,-75.28176848,afba6c97-490d-4f26-b4ab-63756dbf1c05
-75.165425987999981,40.003859037000041,62,Manayunk Norristown Line,Allegheny,3235 N. 22nd St,22nd St,Allegheny Ave,Philadelphia,PA,19140,Philadelphia,Philadelphia,1,SEPTA,Own,4,No,No,N/A,0,0,0,No,No,No,Low,No,No,No,No,Yes,Yes,Yes,Yes,No,Yes,Yes,Yes,Yes,Yes,Yes,Yes,Yes,2,3,197,8,18,65,80,31,98,96,,,12,32,39,23,51,55,,,15,37,41,17,56,54,,,205,205,597,589,,30890,30472,,90218,40.00385904,-75.16542599,8983ad87-5f57-4514-964e-f29e6d906bff
-75.308640013999934,40.072114962000057,63,Manayunk Norristown Line,Conshohocken,20  Washington St,Washington St,Fayette St,Conshohocken,PA,19428,Conshohocken,Montgomery,3,SEPTA,Own,13.5,No,Yes,118,118,0,0,No,No,No,Low,Yes,Yes,No,Yes,No,No,Yes,Yes,No,Yes,Yes,Yes,Yes,Yes,No,No,No,13,17,148,,629,15,25,692,654,707,,,434,12,13,277,447,289,,,127,12,8,147,135,159,,,1236,1155,3851,3984,,197793,204576,,90225,40.07211496,-75.30864001,65d63b2b-f140-4fda-abf4-b2fa5046a101
-75.192040974999941,40.011406087000069,64,Manayunk Norristown Line,East Falls,3610 Midvale Ave,Midvale Ave,Cresson St,Philadelphia,PA,19129,Philadelphia,Philadelphia,1,SEPTA,Own,5.5,No,Yes,40,40,0,0,No,No,No,Low,Yes,Yes,No,Yes,No,Yes,Yes,Yes,No,Yes,Yes,Yes,Yes,Yes,No,No,No,2,7,197,4,634,75,75,540,709,615,,,368,27,49,212,417,239,,,151,30,18,154,169,184,,,1295,1038,4129,3500,,212179,180047,,90219,40.01140609,-75.19204097,2142ec18-b82e-4095-83ee-e42ed542415e
-75.345086313999957,40.12084731300007,65,Manayunk Norristown Line,Elm Street,793 Markley St,Markley St,W. Elm St,Norristown,PA,19401,Norristown,Montgomery,3,SEPTA,Own,18.1,Yes,Yes,246,222,0,0,No,No,No,High,No,No,No,No,Yes,No,Yes,Yes,No,Yes,Yes,Yes,Yes,Yes,Yes,Yes,Yes,13,17,150,,344,0,0,258,344,258,,,103,0,0,82,103,82,,,71,0,0,72,71,72,,,518,412,1892,1445,,97112,74291,,90228,40.12084731,-75.34508631,bbd0446c-b101-4df6-96bb-c5c72a552f07
-75.235473132999971,40.034091941000042,66,Manayunk Norristown Line,Ivy Ridge,4910 Umbria St,Umbria St,Parker Ave,Philadelphia,PA,19128,Philadelphia,Philadelphia,2,SEPTA,Own,8.2,No,Yes,291,291,0,0,No,No,No,Low,No,No,No,No,No,No,Yes,Yes,No,Yes,Yes,Yes,Yes,Yes,No,No,No,2,7,194,4,635,27,31,599,666,626,,,174,3,6,87,180,90,,,62,3,4,63,66,66,,,912,782,3574,3286,,182906,168148,,90222,40.03403019,-75.23541981,f54977ec-2052-4688-a1a7-eed7afe62b1e
-75.348791987999959,40.116948988000047,67,Manayunk Norristown Line,Main Street,305 W. Main St at Markley St,W. Main St,Markley St,Norristown,PA,19401,Norristown,Montgomery,3,SEPTA,Own,17.77,No,Yes,92,92,0,0,No,No,No,Low,No,Yes,No,No,No,No,Yes,Yes,No,Yes,Yes,Yes,Yes,Yes,Yes,Yes,Yes,13,17,150,,181,1,1,182,182,183,,,122,1,0,115,122,116,,,78,1,0,59,78,60,,,382,359,1112,1093,,57390,56279,,90227,40.11694899,-75.34879199,02b06fee-bc81-4bac-828a-0f66729022e3
-75.224968111999942,40.026788189000058,68,Manayunk Norristown Line,Manayunk,117 Carson St,Carson St,Cresson St,Philadelphia,PA,19127,Philadelphia,Philadelphia,2,SEPTA,Own,7.5,No,No,N/A,0,0,0,No,No,No,Low,Yes,Yes,Yes,No,No,Yes,Yes,Yes,No,Yes,Yes,Yes,Yes,Yes,No,Yes,No,2,7,194,4,548,60,57,465,605,525,,,468,85,100,288,568,373,,,138,12,14,173,152,185,,,1325,1083,3746,3181,,192668,163909,,90221,40.02666873,-75.22466811,866b41ce-2a3b-41ff-a432-caa144ea4482
-75.266395888999966,40.05852909500004,69,Manayunk Norristown Line,Miquon,1096 River Rd,River Rd,Manor Rd,Conshohocken,PA,19428,Whitemarsh,Montgomery,2,SEPTA,Own,10.7,No,Yes,205,205,0,0,No,No,No,Low,No,No,Yes,No,Yes,No,Yes,Yes,No,Yes,Yes,Yes,Yes,Yes,No,No,No,13,7,148,,472,10,9,516,481,526,,,75,3,1,64,76,67,,,24,0,2,22,26,22,,,583,615,2509,2721,,128197,139012,,90223,40.0585291,-75.26639589,cf208dbd-5b6c-4357-951c-e99e0dee4b2b
-75.344043891999945,40.112675294000042,70,Manayunk Norristown Line,Norristown T.C.,103 Dekalb St,Dekalb St,Schuylkill Ave,Norristown,PA,19401,Norristown,Montgomery,3,SEPTA,Own,17.2,No,Yes,693,421,4,8,No,No,No,Low,Yes,Yes,No,Yes,No,No,Yes,Yes,Yes,Yes,Yes,Yes,Yes,Yes,Yes,Yes,YEs,13,17,150,,827,0,1,882,828,882,,,282,0,3,300,285,300,,,215,2,0,202,215,204,,,1328,1386,4638,4915,,238318,252403,,90226,40.11267529,-75.34404389,5994938d-11e9-4730-a7e8-f82c7f9fde7d
-75.286083003999977,40.074216061000072,71,Manayunk Norristown Line,Spring Mill,98 Station Ave (near Hector St),Station Ave,Hector St,Conshohocken,PA,19428,Whitemarsh,Montgomery,3,SEPTA,Own,12.3,Yes,Yes,104,104,6,12,No,No,No,Mini,No,No,No,No,No,No,Yes,Yes,No,Yes,Yes,Yes,Yes,Yes,No,No,No,13,7,148,,385,13,15,375,400,388,,,211,3,6,133,217,136,,,56,0,0,66,56,66,,,673,590,2273,2144,,116522,109932,,90224,40.07421606,-75.286083,1ffb68bb-7021-4f69-8abf-648c4ee0ec06
-75.210207051999987,40.016566853000029,72,Manayunk Norristown Line,Wissahickon,5100 Rochelle Ave,Rochelle Ave,Sumac St,Philadelphia,PA,19128,Philadelphia,Philadelphia,2,SEPTA,Own,6.4,No,Yes,206,172,0,0,No,No,No,Low,No,No,No,No,Yes,Yes,Yes,Yes,No,Yes,Yes,Yes,Yes,Yes,No,No,No,2,7,194,4,375,87,86,419,461,506,,,256,26,21,101,277,127,,,82,33,13,75,95,108,,,833,741,2679,2763,,137561,141786,,90220,40.01656685,-75.21020705,ad8ced75-b6c6-4a20-bd5e-8ba27632889d
-75.216436754999961,39.94360933300004,73,Media Elwyn Line,49th Street,49th St & Chester Ave,49th St,Chester Ave,Philadelphia,PA,19143,Philadelphia,Philadelphia,1,SEPTA,Own,3.2,Yes,No,N/A,0,0,0,No,No,No,Low,No,No,No,No,No,Yes,Yes,Yes,No,Yes,Yes,Yes,Yes,Yes,Yes,No,No,2,8,188,3,18,45,53,23,71,68,,,6,15,21,13,27,28,,,14,24,27,7,41,31,,,139,127,423,399,,21887,20594,,90314,39.94360933,-75.21643675,62371a5f-79c9-49f1-8594-014ab35e3818
-75.238534117999961,39.944834374000038,74,Media Elwyn Line,Angora,1099 S. 58th St,58th St,Fernwood St,Philadelphia,PA,19143,Philadelphia,Delaware,1,SEPTA,Own,4.4,No,No,N/A,0,0,0,No,No,No,Low,No,No,No,No,No,Yes,No,Yes,No,Yes,Yes,Yes,Yes,Yes,Yes,Yes,Yes,2,8,191,3,14,8,8,14,22,22,,,2,7,2,6,4,13,,,9,9,13,16,22,25,,,48,60,136,148,,7094,7736,,90313,39.94483437,-75.23853412,3abc1e51-4495-4e89-a40a-f0ee0dbd5b41
-75.290326877999973,39.926671138000074,75,Media Elwyn Line,Clifton-Aldan,1 Springfield Rd,Springfield Rd,Maryland Ave,Clifton Heights,PA,19018,Aldan,Delaware,2,SEPTA,Own,7.5,No,Yes,142,142,0,0,No,No,No,Low,Yes,Yes,Yes,No,No,No,Yes,Yes,No,Yes,Yes,Yes,Yes,Yes,No,No,No,7,26,163,,214,16,12,244,226,260,,,22,5,5,38,27,43,,,28,2,1,34,29,36,,,282,339,1186,1379,,60716,70624,,90309,39.92667114,-75.29032688,367333a8-6f60-49e4-96c4-4d283e8f4b7b
-75.411187215999973,39.907816964000062,76,Media Elwyn Line,Elwyn,149 Elwyn Rd,Elwyn Rd,Middletown Rd,Media,PA,19063,Middletown,Delaware,3,SEPTA,Own,15,Yes,Yes,348,348,0,0,No,No,No,Low,No,No,No,No,Yes,Yes,Yes,Yes,No,Yes,Yes,Yes,Yes,Yes,No,No,No,7,9,168,,422,0,0,481,422,481,,,87,0,0,100,87,100,,,91,0,0,90,91,90,,,600,671,2288,2595,,117412,133075,,90301,39.90781696,-75.41118722,4c904e1f-a9e0-4725-89d3-66829b53a35a
-75.256050373999983,39.939681393000058,77,Media Elwyn Line,Fernwood-Yeadon,413 S. Church Ln,S. Church Ln,Penn St,Lansdowne,PA,19050,Upper Darby,Delaware,2,SEPTA,Own,5.4,No,No,N/A,0,0,0,No,No,No,Low,No,No,No,No,Yes,No,Yes,Yes,No,Yes,Yes,Yes,Yes,Yes,Yes,Yes,Yes,1,26,164,,80,15,15,111,95,126,,,28,4,5,34,33,38,,,16,6,4,22,20,28,,,148,192,528,696,,27101,35730,,90312,39.93968139,-75.25605037,bcdc593a-8623-42c7-977d-bed5132688e5
-75.282147665999958,39.932734335000077,78,Media Elwyn Line,Gladstone,198 Walsh Rd,Walsh Rd,Madison Rd,Lansdowne,PA,19050,Lansdowne,Delaware,2,SEPTA,Own,6.9,No,Yes,106,106,0,0,No,No,No,Low,No,No,No,No,No,No,Yes,Yes,No,Yes,Yes,Yes,Yes,Yes,Yes,Yes,Yes,1,8,163,,175,4,3,248,178,252,,,25,2,0,30,25,32,,,23,2,4,37,27,39,,,230,323,942,1331,,48256,68186,,90310,39.93273434,-75.28214767,d5408e01-3f31-459c-8623-4d9075ee6ee1
-75.271605060999946,39.93727649300007,79,Media Elwyn Line,Lansdowne,45 S. Lansdowne Ave,S. Lansdowne Ave,Scottdale Rd,Lansdowne,PA,19050,Lansdowne,Delaware,2,SEPTA,Own,6.3,No,Yes,164,157,2,6,No,No,No,Low,Yes,Yes,Yes,Yes,Yes,Yes,Yes,Yes,No,Yes,Yes,Yes,Yes,Yes,Yes,Yes,Yes,1,8,163,,290,10,7,428,297,438,,,55,8,6,68,61,76,,,64,10,13,67,77,77,,,435,591,1623,2343,,83373,120108,,90311,39.93727649,-75.27160506,d4eb4735-cd8b-4676-b86f-41412dffe3a0
-75.394656,39.91423358000003,80,Media Elwyn Line,Media,309 Media Station Rd,Media Station Rd,S. Orange St,Media,PA,19063,Upper Providence,Delaware,3,SEPTA,Own,14,Yes,Yes,250,250,4,8,No,No,No,Mini,Yes,Yes,No,Yes,Yes,No,Yes,Yes,No,Yes,Yes,Yes,Yes,Yes,No,No,No,7,26,168,,526,3,1,503,527,506,,,98,0,1,115,99,115,,,94,0,0,106,94,106,,,720,727,2828,2752,,144985,141209,,90302,39.91423358,-75.394656,bbff0b9b-5eb1-4d4b-9a36-53186113e43d
-75.328361757999971,39.908035065000036,81,Media Elwyn Line,Morton,2 S. Morton Ave,Yale Ave,S. Morton Ave,Morton,PA,19070,Morton,Delaware,2,SEPTA,Own,9.9,Yes,Yes,342,296,2,4,No,No,No,Mini,Yes,Yes,Yes,Yes,Yes,No,Yes,Yes,No,Yes,Yes,Yes,Yes,Yes,Yes,Yes,Yes,7,26,165,,506,9,9,597,515,606,,,67,2,6,118,73,120,,,82,6,5,94,87,100,,,675,826,2735,3250,,140167,166570,,90306,39.90803507,-75.32836176,4089ea92-5254-4f17-820e-dfdc87e7a4d1
-75.388086535999946,39.905839008000044,82,Media Elwyn Line,Moylan-Rose Valley,4 Manchester Rd,Manchester Rd,Woodward Rd,Media,PA,19063,Nether Providence,Delaware,3,SEPTA,Own,13.2,No,Yes,149,149,2,8,No,No,No,Low,Yes,Yes,Yes,Yes,No,No,Yes,Yes,No,Yes,Yes,Yes,Yes,Yes,No,No,No,1,9,161,,319,1,0,290,319,291,,,28,0,0,16,28,16,,,17,0,0,26,17,26,,,364,333,1640,1497,,83787,76545,,90303,39.90583901,-75.38808654,afa8de43-02c4-47ca-9f54-eebfb8b446f4
-75.298368305999986,39.921677486000078,83,Media Elwyn Line,Primos,446 S. Oak Ave,S. Oak Ave,Mildred Ave,Clifton Heights,PA,19018,Upper Darby,Delaware,2,SEPTA,Own,8.1,Yes,Yes,104,104,0,0,No,No,No,High,Yes,Yes,No,Yes,No,No,Yes,Yes,No,Yes,Yes,Yes,Yes,Yes,No,No,No,7,26,163,,517,11,12,492,529,503,,,71,9,11,83,82,92,,,69,0,2,63,71,63,,,682,658,2798,2670,,143277,136703,,90308,39.92167749,-75.29836831,b095e698-0bd1-4276-a050-c41e395ebd09
-75.309821345999978,39.915761986000064,84,Media Elwyn Line,Secane,1297 Providence Rd,Providence Rd,South Ave,Clifton Heights,PA,19018,Upper Darby,Delaware,2,SEPTA,Own,8.8,No,Yes,90,90,0,0,No,No,No,Low,Yes,Yes,Yes,Yes,Yes,No,Yes,Yes,No,Yes,Yes,Yes,Yes,Yes,Yes,No,No,7,26,163,,385,5,8,370,393,375,,,62,7,3,79,65,86,,,68,3,2,62,70,65,,,528,526,2100,2024,,107655,103765,,90307,39.91576199,-75.30982135,0423970a-c592-40dd-907f-317de2f4aa7e
-75.351105575999952,39.90229443700008,85,Media Elwyn Line,Swarthmore,2 S. Chester Rd,S. Chester Rd,Park Ave,Swarthmore,PA,19081,Swarthmore,Delaware,3,SEPTA,Own,11.2,Yes,Yes,250,244,20,40,No,No,No,Mini,Yes,Yes,Yes,Yes,Yes,Yes,Yes,Yes,No,Yes,Yes,Yes,Yes,Yes,No,Yes,No,1,26,161,,763,8,9,636,772,644,,,257,2,4,182,261,184,,,158,7,2,168,160,175,,,1193,1003,4281,3579,,219712,183938,,90305,39.90229444,-75.35110558,8f14fbf9-1673-47af-9b60-937419c67abd
-75.371611874999985,39.903746828000067,86,Media Elwyn Line,Wallingford,141 E. Possum Hollow Rd,E. Possum Hollow Rd,Kershaw Ave,Wallingford,PA,19086,Nether Providence,Delaware,3,SEPTA,Own,12.3,No,Yes,80,80,3,12,No,No,No,Low,Yes,Yes,Yes,Yes,No,No,Yes,Yes,No,Yes,Yes,Yes,Yes,Yes,No,No,No,1,9,161,,339,0,1,355,340,355,,,112,0,0,103,112,103,,,39,0,0,50,39,50,,,491,508,1851,1928,,94786,98781,,90304,39.90374683,-75.37161187,798e7c31-a80f-4049-9973-8c7f0cb0b31c
-75.290258295999934,40.008416070000067,87,Paoli Thorndale Line,Ardmore,39 Station Rd,Station Ave,Anderson Ave,Ardmore,PA,19003,Lower Merion,Montgomery,2,AMTRAK,Leased,8.5,No,Yes,196,196,3,12,No,No,No,Low,Yes,Yes,No,Yes,No,No,Yes,Yes,No,Yes,Yes,Yes,Yes,Yes,No,No,No,2,17,149,,744,122,140,797,884,919,,,464,150,121,469,585,619,,,236,54,59,241,295,295,,,1764,1833,5300,5509,,272950,283643,,90518,40.00841607,-75.2902583,f2ffd149-a749-4ffd-b730-3c8a7f794e47
-75.44246237699997,40.048088621000034,88,Paoli Thorndale Line,Berwyn,654 E. Lancaster Ave,E. Lancaster Ave,Main Ave,Berwyn,PA,19312,Easttown,Chester,3,AMTRAK,Leased,17.5,Yes,Yes,140,107,4,8,No,No,No,Mini,Yes,Yes,Yes,Yes,No,Yes,Yes,Yes,No,Yes,Yes,Yes,Yes,Yes,No,No,No,6,19,157,,309,13,24,275,333,288,,,104,8,16,115,120,123,,,61,6,3,78,64,84,,,517,495,1849,1647,,94867,84708,,90508,40.04808862,-75.44246238,383731e4-c24e-4f56-8002-1821c3618b58
-75.31584087899995,40.021915916000069,89,Paoli Thorndale Line,Bryn Mawr,54 N. Bryn Mawr Ave,N. Bryn Mawr Ave,Morris Ave,Bryn Mawr,PA,19010,Lower Merion,Montgomery,3,AMTRAK,Leased,10.1,No,Yes,254,251,9,24,No,No,No,Low,Yes,Yes,No,Yes,No,Yes,Yes,Yes,No,Yes,Yes,Yes,Yes,Yes,No,No,No,2,17,149,,885,139,166,1012,1051,1151,,,445,40,26,453,471,493,,,268,31,36,348,304,379,,,1826,2023,6030,6627,,310108,341123,,90516,40.02191592,-75.31584088,b3a2684f-609a-42a9-a795-febc35c746c0
-75.460638273999962,40.042933021000067,90,Paoli Thorndale Line,Daylesford,1301 Lancaster Ave,Lancaster Ave,Glenn Ave,Berwyn,PA,19312,Tredyffrin,Chester,3,AMTRAK,Leased,18.6,No,Yes,152,122,2,4,No,No,No,Low,No,No,No,No,Yes,No,Yes,Yes,No,Yes,Yes,Yes,Yes,Yes,No,No,No,6,19,157,,232,5,7,252,239,257,,,58,0,0,72,58,72,,,60,0,0,80,60,80,,,357,409,1312,1437,,67390,73919,,90507,40.04293302,-75.46063827,044212e4-b14c-4b09-8383-3811eded14c0
-75.422967489999962,40.047370276000038,91,Paoli Thorndale Line,Devon,1 N. Devon Blvd (off Lancaster Ave),N. Devon Blvd,Lancaster Ave,Devon,PA,19333,Easttown,Chester,3,AMTRAK,Leased,16.5,No,Yes,267,241,4,8,No,No,No,Low,Yes,Yes,Yes,Yes,Yes,Yes,Yes,Yes,No,Yes,Yes,Yes,Yes,Yes,No,No,No,6,26,167,,445,15,13,433,458,448,,,127,1,1,113,128,114,,,97,7,2,70,99,77,,,684,639,2515,2431,,129081,124634,,90509,40.04737028,-75.42296749,29b8af0f-3681-4070-9164-5520c8fd0275
-75.710520987999985,40.002075587000036,92,Paoli Thorndale Line,Downingtown,159 Viaduct Ave,Viaduct Ave,St. Joseph Ln,Downingtown,PA,19335,Downingtown,Chester,4,AMTRAK,Leased,32.4,No,Yes,360,310,2,4,No,No,No,Low,No,No,No,No,Yes,No,Yes,Yes,No,Yes,Yes,Yes,Yes,Yes,No,No,No,6,19,155,,398,0,0,403,398,403,,,109,1,0,95,109,96,,,0,0,0,0,0,0,,,507,499,2099,2111,,107158,107757,,90502,40.00207559,-75.71052099,c45f51de-d097-421f-bf71-742bdb71581f
-75.621724675999985,40.019435224000063,93,Paoli Thorndale Line,Exton,445 Walkertown Rd (off PA Route 100),Walkertown Rd,PA Route 100,Exton,PA,19341,West Whiteland,Chester,4,AMTRAK,Leased,27.5,Yes,Yes,641,631,3,6,No,No,No,Mini,No,No,No,No,Yes,No,Yes,Yes,No,Yes,Yes,Yes,Yes,Yes,No,No,No,6,19,167,,795,0,2,726,797,726,,,152,1,3,119,155,120,,,0,0,0,0,0,0,,,952,846,4141,3750,,211333,191370,,90504,40.01943522,-75.62172468,af59c518-8785-4f78-9478-2e0486fdf74f
-75.300128184999949,40.014080456000045,94,Paoli Thorndale Line,Haverford,43 Haverford Station Rd,Haverford Station Rd,Berkley Rd,Haverford,PA,19041,Lower Merion,Montgomery,2,AMTRAK,Leased,9.1,No,Yes,169,169,3,6,No,No,No,Low,Yes,Yes,Yes,Yes,No,Yes,Yes,Yes,No,Yes,Yes,Yes,Yes,Yes,No,Yes,No,2,17,149,,401,43,51,435,452,478,,,211,21,20,233,231,254,,,178,13,7,194,185,207,,,868,939,2676,2851,,138002,147109,,90517,40.01408046,-75.30012818,91e4a008-695b-4ed1-89ef-816bb5499c01
-75.515535185999966,40.036456160000057,95,Paoli Thorndale Line,Malvern,15 N. Warren Ave (near King St),N. Warren Ave,King St,Malvern,PA,19355,Malvern,Chester,4,AMTRAK,Leased,21.6,No,Yes,323,323,3,6,No,No,No,Low,Yes,Yes,Yes,Yes,No,No,Yes,Yes,No,Yes,Yes,Yes,Yes,Yes,No,No,No,6,19,167,,826,24,23,884,850,908,,,373,2,7,380,380,382,,,378,0,1,331,379,331,,,1608,1621,5006,5253,,258344,270602,,90505,40.03645616,-75.51553519,009cece3-3ec2-4aeb-be54-2fcdde357b2a
-75.25147693699995,39.99750119600003,96,Paoli Thorndale Line,Merion,293 Idris Rd,Idris Rd,Hazelhurst Rd,Merion Station,PA,19066,Lower Merion,Montgomery,2,AMTRAK,Leased,6,No,Yes,82,82,6,18,No,No,No,Low,Yes,Yes,Yes,Yes,Yes,Yes,Yes,Yes,No,Yes,Yes,Yes,Yes,Yes,No,No,No,2,17,148,,259,25,27,259,286,284,,,84,14,16,95,100,109,,,59,4,8,61,67,65,,,453,458,1597,1594,,82016,81858,,90521,39.9975012,-75.25147694,d787e397-7602-4c26-8069-613fa6e824ac
-75.261483966999947,40.004878147000056,97,Paoli Thorndale Line,Narberth,211 Elmwood Ave,Elmwood Ave,N. Narberth Ave,Narbeth,PA,19072,Narberth,Montgomery,2,AMTRAK,Leased,6.8,No,Yes,111,111,3,15,No,No,No,Low,Yes,Yes,No,Yes,Yes,Yes,Yes,Yes,No,Yes,Yes,Yes,Yes,Yes,No,No,No,2,17,148,,695,70,76,694,771,764,,,281,59,50,199,331,258,,,137,10,12,150,149,160,,,1251,1182,4337,4238,,222561,217516,,90520,40.00487815,-75.26148397,0ce03718-e88f-4e8f-afcd-9c5560de9f6f
-75.249839158999976,39.989902260000065,98,Paoli Thorndale Line,Overbrook,2195 N. 63rd St (off City Ave),63rd St,City Ave,Merion Station,PA,19066,Philadelphia,Philadelphia,2,AMTRAK,Leased,5.4,No,Yes,172,172,2,4,No,No,No,Mini,Yes,Yes,Yes,Yes,Yes,Yes,Yes,Yes,No,Yes,Yes,Yes,Yes,Yes,No,No,No,1,7,192,4,552,353,332,566,884,919,,,357,107,133,343,490,450,,,158,103,99,166,257,269,,,1631,1638,5167,5314,,265809,273347,,90522,39.98990226,-75.24983916,ea6af1b9-74d7-404d-83d3-332a730eab7b
-75.48373,40.042959,99,Paoli Thorndale Line,Paoli,13 N. Valley Rd (near Lincoln Highway),N. Valley Rd,Lincoln Hwy,Paoli,PA,19301,Tredyffrin,Chester,4,AMTRAK,Leased,19.98,No,Yes,486,486,4,8,No,No,No,Low,Yes,Yes,No,Yes,No,Yes,Yes,Yes,No,Yes,Yes,Yes,Yes,Yes,No,No,No,6,19,157,,1159,84,28,1194,1187,1278,,,481,10,3,526,484,536,,,316,2,0,293,316,295,,,1987,2109,6735,7221,,346181,370872,,90506,40.042959,-75.48373,13e9898a-ba98-440b-b7eb-2aa3bbc6b5b1
-75.359436185999982,40.044738576000043,100,Paoli Thorndale Line,Radnor,291 King of Prussia Rd,King of Prussia Rd,Randnor Chester Rd,Wayne,PA,19087,Radnor,Delaware,3,AMTRAK,Leased,13,Yes,Yes,220,157,2,4,No,No,No,Mini,Yes,Yes,Yes,Yes,No,Yes,Yes,Yes,No,Yes,Yes,Yes,Yes,Yes,No,No,No,7,17,165,,507,74,77,526,584,600,,,127,18,19,123,146,141,,,59,11,14,81,73,92,,,803,833,3139,3233,,160741,165684,,90513,40.04473858,-75.35943619,d86a4b86-c705-4db0-8977-b6c429adca5d
-75.327258471999983,40.028238892000047,101,Paoli Thorndale Line,Rosemont,43 Airdale Rd,Airdale Rd,Montrose Ave,Bryn Mawr,PA,19010,Lower Merion,Philadelphia,3,AMTRAK,Leased,10.9,No,Yes,112,112,5,10,No,No,No,Low,Yes,Yes,Yes,Yes,No,Yes,Yes,Yes,No,Yes,Yes,Yes,Yes,Yes,Yes,No,No,2,17,149,,326,21,18,376,344,397,,,140,15,11,140,151,155,,,106,7,11,106,117,113,,,612,665,1988,2253,,102379,115849,,90515,40.02823889,-75.32725847,1708ab8b-da11-4f28-aa84-6c7c9023eb3d
-75.373431951999976,40.044099452000069,102,Paoli Thorndale Line,St. Davids,53 Chamounix Rd (near Lancaster Ave),Chamounix Rd,Lancaster Ave,Wayne,PA,19087,Radnor,Delaware,3,AMTRAK,Leased,13.8,No,Yes,115,115,4,14,No,No,No,Low,No,No,No,No,Yes,Yes,Yes,Yes,No,Yes,Yes,Yes,Yes,Yes,No,No,No,7,17,165,,251,12,18,240,269,252,,,77,10,3,99,80,109,,,60,9,7,73,67,82,,,416,443,1492,1451,,76641,74684,,90512,40.04409945,-75.37343195,2311a975-d99c-44a2-8930-912841702019
-75.403731692999941,40.049694657000032,103,Paoli Thorndale Line,Strafford,97 Old Eagle School Rd,Old Eagle School Rd,Strafford Ave,Wayne,PA,19087,Tredyffrin,Chester,3,AMTRAK,Leased,15.4,No,Yes,289,289,4,8,No,No,No,Mini,Yes,Yes,Yes,Yes,No,Yes,Yes,Yes,No,Yes,Yes,Yes,Yes,Yes,No,No,No,6,19,157,,828,24,54,685,882,709,,,249,12,12,219,261,231,,,149,3,6,165,155,168,,,1298,1108,4828,3944,,247574,202551,,90510,40.04969466,-75.40373169,75924088-875d-4eb6-9501-dd0d0b5f6353
-75.76270436599998,39.99268217100007,104,Paoli Thorndale Line,Thorndale,201 S. Bailey Rd,S. Bailey Rd,Hazelwood Ave,Thorndale,PA,19372,Caln,Chester,4,AMTRAK,Leased,35.3,Yes,Yes,447,297,2,6,No,No,No,High,No,No,No,No,No,Yes,Yes,Yes,No,Yes,Yes,Yes,Yes,Yes,No,No,No,7,44,158,,535,0,0,558,535,558,,,128,1,0,103,128,104,,,0,0,0,0,0,0,,,663,662,2802,2894,,143043,147698,,90501,39.99268217,-75.76270437,2e9593cb-84c1-4112-8a56-e117702bb848
-75.342323541999974,40.038651693000077,105,Paoli Thorndale Line,Villanova,308 N. Spring Mill Rd,N. Spring Mill Rd,County Line Rd,Villonova,PA,19085,Radnor,Delaware,3,AMTRAK,Leased,12,No,Yes,167,167,5,10,No,No,No,Low,Yes,Yes,Yes,Yes,Yes,Yes,Yes,Yes,No,Yes,Yes,Yes,Yes,Yes,No,No,No,7,17,165,,449,82,95,444,544,526,,,284,20,34,292,318,312,,,157,26,37,168,194,194,,,1056,1032,3232,3136,,166529,161632,,90514,40.03865169,-75.34232354,d4fe97fd-b6f7-4aa2-82f1-90253577b96a
-75.387251710999976,40.045852546000049,106,Paoli Thorndale Line,Wayne,145 N. Wayne Ave,N. Wayne Ave,Station Rd,Wayne,PA,19087,Radnor,Delaware,3,AMTRAK,Leased,14.5,Yes,Yes,267,267,7,14,No,No,No,High,Yes,Yes,Yes,Yes,No,Yes,Yes,Yes,No,Yes,Yes,Yes,Yes,Yes,No,No,No,7,17,165,,639,31,30,583,669,614,,,245,28,28,246,273,274,,,146,9,12,163,158,172,,,1100,1060,3776,3516,,193955,180794,,90511,40.04585255,-75.38725171,ffad947f-f21f-416f-b7c2-c32119f59c1a
-75.638456657999939,40.014710963000027,107,Paoli Thorndale Line,Whitford,401 Spackman Ln,Spackman Ln,S. Whitford Rd,Exton,PA,19341,West Whiteland,Chester,4,AMTRAK,Leased,28.3,No,Yes,286,218,2,4,No,No,No,Low,No,No,No,No,No,No,Yes,Yes,No,Yes,Yes,Yes,Yes,Yes,No,No,No,6,19,167,,399,2,0,381,399,383,,,18,2,1,28,19,30,,,0,0,0,0,0,0,,,418,413,2014,1945,,102733,99225,,90503,40.01471096,-75.63845666,6f0f88b6-3cb0-4056-a907-f9982144fd12
-75.273090959999934,40.002836672000058,108,Paoli Thorndale Line,Wynnewood,67 E. Wynnewood Rd,E. Wynnewood Rd,Penn Rd,Wynnewood,PA,19096,Lower Merion,Montgomery,2,AMTRAK,Leased,7.5,No,Yes,239,239,4,8,No,No,No,Low,Yes,Yes,No,Yes,Yes,Yes,Yes,Yes,No,Yes,Yes,Yes,Yes,Yes,No,No,No,2,17,149,,802,53,37,670,839,723,,,251,21,31,230,282,251,,,160,12,32,208,192,220,,,1313,1194,4669,4086,,239745,210177,,90519,40.00283667,-75.27309096,9247e16d-8cd3-4cda-a5a2-df3f83d42ecc
-75.069943083999988,40.010685340000066,109,Trenton Line,Bridesburg,2202 Bridge St,Bridge St,Harbison Ave,Philadelphia,PA,19137,Philadelphia,Philadelphia,2,AMTRAK,Leased,80.1,No,No,N/A,0,0,0,No,No,No,Low,No,No,No,No,Yes,No,Yes,Yes,No,Yes,Yes,Yes,Yes,Yes,No,Yes,No,1,5,173,6,83,128,138,70,221,198,,,14,96,75,19,89,115,,,10,66,52,15,62,81,,,372,394,1256,1186,,64579,61168,,90710,40.01068534,-75.06994308,fdb0c6ed-457c-4b41-b4d5-9438d0ccf1d1
-74.854819763999956,40.104938550000043,110,Trenton Line,Bristol,790 Washington St,Washington St,Prospect St,Bristol,PA,19007,Bristol,Bucks,4,AMTRAK,Leased,66.5,No,Yes,294,153,6,12,No,No,No,Low,No,No,No,No,Yes,Yes,Yes,Yes,No,Yes,Yes,Yes,Yes,Yes,No,No,No,8,6,140,,258,36,46,346,304,382,,,107,17,26,128,133,145,,,67,20,17,90,84,110,,,521,637,1737,2165,,89308,111330,,90703,40.10493855,-74.85481976,06d8bc27-32c2-4241-8e71-0345a57f99ba
-74.952156160999948,40.07184533800006,111,Trenton Line,Cornwells Heights,799 Station Ave (off I-95),Station Ave,I-95,Bensalem,PA,19020,Bensalem,Bucks,3,AMTRAK,Leased,72.5,Yes,Yes,1929,1278,2,4,No,No,No,Mini,Yes,Yes,No,Yes,Yes,No,Yes,Yes,No,Yes,Yes,Yes,Yes,Yes,No,No,No,8,6,18,,1480,43,48,1542,1528,1585,,,100,18,25,111,125,129,,,50,18,28,45,78,63,,,1731,1777,7843,8117,,400664,414537,,90706,40.07184534,-74.95215616,0120330b-94c6-4d7a-b9a3-5b3860763dd5
-74.906808032999947,40.093554229000063,112,Trenton Line,Croydon,751 Bristol Pike,Bristol Pike,Newportville Rd,Croydon,PA,19021,Bristol,Bucks,3,AMTRAK,Leased,69.6,Yes,Yes,197,106,1,2,No,No,No,High,No,No,No,No,Yes,Yes,Yes,Yes,No,Yes,Yes,Yes,Yes,Yes,No,No,No,8,6,141,,431,58,68,525,499,583,,,136,36,50,160,186,196,,,69,18,27,68,96,86,,,781,865,2777,3197,,142485,163845,,90704,40.09355423,-74.90680803,c8897431-f852-495a-a232-6e4ac57430dd
-74.933730952999952,40.082957925000073,113,Trenton Line,Eddington,1099 Street Rd,Street Rd,Dunks Ferry Rd,Bensalem,PA,19020,Bensalem,Bucks,3,AMTRAK,Leased,71.3,No,No,N/A,0,0,0,No,No,No,Low,No,No,No,No,No,No,Yes,Yes,No,Yes,Yes,Yes,Yes,Yes,No,No,No,8,6,18,,25,5,6,63,31,68,,,16,2,0,10,16,12,,,1,0,4,4,5,4,,,52,84,176,356,,9027,18196,,90705,40.08295793,-74.93373095,873923f4-354d-414e-a04a-3c3e863dae7b
-75.023679223999977,40.032745359000046,114,Trenton Line,Holmesburg Junction,4783 Rhawn St,Rahwn St,Tulip St,Philadelphia,PA,19136,Philadelphia,Philadelphia,2,AMTRAK,Leased,77.2,No,Yes,37,37,0,0,No,No,No,Low,Yes,Yes,No,No,Yes,No,Yes,Yes,No,Yes,Yes,Yes,Yes,Yes,Yes,Yes,Yes,1,5,173,6,619,43,49,518,668,561,,,54,74,60,53,114,127,,,60,31,23,49,83,80,,,865,768,3537,3012,,181082,154299,,90708,40.03274536,-75.02367922,7f7e7738-09ec-4b4e-afc8-a8ac2fc04ea2
-74.817148109999948,40.140138124000032,115,Trenton Line,Levittown,8301 Bristol Pike,Bristol Pike,Levittown Pkwy,Bristol,PA,19007,Tullytown,Bucks,4,AMTRAK,Leased,63.3,No,Yes,382,382,4,8,No,No,No,High,Yes,Yes,No,Yes,Yes,Yes,Yes,Yes,No,Yes,Yes,Yes,Yes,Yes,No,Yes,No,8,10,140,,535,31,32,613,567,644,,,132,25,24,163,156,188,,,79,15,12,83,91,98,,,814,930,3082,3506,,157975,179680,,90702,40.14013812,-74.81714811,fd5bca86-ba6a-4c14-975a-3093b14e944e
-75.155269964999945,39.997272902000077,116,Trenton Line,North Philadelphia,2900 N. Broad St,Broad St,Glenwood Ave,Philadelphia,PA,19132,Philadelphia,Philadelphia,1,AMTRAK,Leased,84.6,No,Yes,100,3,0,0,No,No,No,Low,No,No,No,No,Yes,No,Yes,Yes,No,Yes,Yes,Yes,Yes,Yes,Yes,Yes,Yes,2,3,197,8,3,21,31,5,34,26,,,,12,8,4,8,16,,,,11,4,2,4,13,,,46,55,182,159,,9318,8216,,90810,39.9972729,-75.15526996,fd71a833-3a00-475c-a9ba-b09d369be5df
-75.03902599099996,40.023237985000037,117,Trenton Line,Tacony,4938 Disston St,Disston St,Keystone St,Philadelphia,PA,19135,Philadelphia,Philadelphia,2,AMTRAK,Leased,78.2,No,No,N/A,0,0,0,No,No,No,Mini,No,No,No,No,No,No,Yes,Yes,No,Yes,Yes,Yes,Yes,Yes,No,No,No,1,5,173,6,152,35,40,174,192,209,,,34,24,18,36,52,60,,,19,21,32,23,51,44,,,295,313,1063,1149,,54622,58967,,90709,40.02323799,-75.03902599,38864e3e-6bf2-4ca1-bcea-1c12b77b351d
-74.984499147999941,40.054404132000059,118,Trenton Line,Torresdale,9648 James St,James St,Grant Ave,Philadelphia,PA,19114,Philadelphia,Philadelphia,3,AMTRAK,Leased,74.6,No,Yes,331,331,0,0,No,No,No,Low,Yes,Yes,No,Yes,Yes,No,Yes,Yes,No,Yes,Yes,Yes,Yes,Yes,No,No,No,1,5,169,6,1085,55,75,1040,1160,1095,,,181,43,47,152,228,195,,,41,38,43,44,84,82,,,1472,1372,6112,5752,,312528,294121,,90707,40.05440413,-74.98449915,b58800d7-9460-40e9-867e-554d561abaad
-74.753989833999981,40.218421690000071,119,Trenton Line,Trenton Transit Center,83 S. Clinton Ave,S. Clinton Ave,Raoul Wallenberg Ave,Trenton,NJ,08609,Trenton,Mercer,6,NJ Transit,Not Owned or Leased,56.7,Yes,Yes,3450,3450,2,10,Yes,Yes,Yes,High,Yes,Yes,No,Yes,Yes,Yes,Yes,Yes,Yes,Yes,Yes,Yes,Yes,Yes,No,No,No,,,,,1103,0,0,1330,1103,1330,,,1343,0,0,1191,1343,1191,,,1269,0,0,1270,1269,1270,,,3715,3791,8127,9111,,424703,474742,,90701,40.21852318,-74.75386915,d90f2cd8-2a6e-4c74-a7a1-879cace6d7aa
-75.153164106999952,40.114130054000043,120,Warminster Line,Ardsley,2620 Jenkintown Rd,Jenkintown Rd,Eagle Hill Rd,Glenside,PA,19038,Abington,Montgomery,3,SEPTA,Own,0.9,Yes,Yes,47,47,0,0,No,No,No,Low,No,No,No,No,No,No,Yes,Yes,No,Yes,Yes,Yes,Yes,Yes,No,No,No,13,4,153,,154,16,12,162,166,178,,,61,12,7,56,68,68,,,49,7,20,160,69,167,,,303,413,967,1125,,49868,58612,,90412,40.11413005,-75.15316411,8143a4af-d1db-413a-9091-c3cd2f0f25ac
-75.118644665999966,40.133248863000063,121,Warminster Line,Crestmont,2198 Rubicam Ave,Rubicam Ave,Rockwell Rd,Willow Grove,PA,19090,Abington,Montgomery,3,SEPTA,Own,3.3,Yes,Yes,20,20,0,0,No,No,No,Low,No,No,No,No,Yes,No,Yes,Yes,No,Yes,Yes,Yes,Yes,Yes,Yes,Yes,Yes,13,4,153,,107,1,1,97,108,98,,,32,2,3,20,35,22,,,19,3,2,64,21,67,,,164,187,596,579,,30578,30020,,90414,40.13324886,-75.11864467,83f639e6-dfe5-46c8-9628-fdf343f056e6
-75.102832575999969,40.175587875000076,122,Warminster Line,Hatboro,40 S. Penn St,Penn St,Byberry Rd,Hatbro,PA,19040,Hatboro,Bucks,3,SEPTA,Own,6.5,No,Yes,268,224,0,0,No,No,No,Low,Yes,Yes,Yes,Yes,No,No,Yes,Yes,No,Yes,Yes,Yes,Yes,Yes,No,Yes,No,13,12,152,,518,1,0,617,518,618,,,175,2,3,183,178,185,,,92,0,2,135,94,135,,,790,938,2860,3412,,146670,175142,,90416,40.17558788,-75.10283258,5ca8da1a-9249-44de-a7e9-9131644515ca
-75.134048119999989,40.120909293000068,123,Warminster Line,Roslyn,1095 Easton Rd,Easton Rd,Susquehanna Rd,Abington,PA,19001,Abington,Montgomery,3,SEPTA,Own,2.1,Yes,Yes,87,60,0,0,No,No,No,Mini,Yes,Yes,No,Yes,No,Yes,Yes,Yes,No,Yes,Yes,Yes,Yes,Yes,No,No,No,13,4,153,,290,4,8,249,298,253,,,88,10,2,63,90,73,,,51,1,1,27,52,28,,,440,354,1631,1366,,83635,69935,,90413,40.12090929,-75.13404812,d36ce6b9-efbc-4279-85ae-f7f6e3878f81
-75.088976023999976,40.195142506000025,124,Warminster Line,Warminster,100 Station Dr,Station Dr,Jacksonville Rd,Warminster,PA,18974,Warminster,Bucks,3,SEPTA,Own,8,Yes,Yes,800,787,4,8,No,No,No,High,Yes,Yes,No,Yes,Yes,No,Yes,Yes,No,Yes,Yes,Yes,Yes,Yes,No,Yes,No,8,12,29,,1128,0,0,1034,1128,1034,,,408,0,0,473,408,473,,,308,2,0,271,308,273,,,1844,1780,6354,5916,,326644,304100,,90417,40.19514251,-75.08897602,2474abd6-2a94-448c-aecc-cc7027a19fab
-75.11434727599999,40.143685134000066,125,Warminster Line,Willow Grove,215 Davisville Rd (off Old York Rd),Davisville Rd,Old York Rd,Willow Grove,PA,19090,Upper Moreland,Montgomery,3,SEPTA,Own,4.1,No,Yes,190,160,2,4,No,No,No,Low,Yes,Yes,Yes,Yes,Yes,Yes,Yes,Yes,No,Yes,Yes,Yes,Yes,Yes,No,No,No,13,12,152,,445,6,3,423,448,429,,,200,7,12,199,212,206,,,133,1,0,19,133,20,,,793,655,2585,2371,,132978,121267,,90415,40.14368513,-75.11434728,fc92e65d-383a-43e4-b818-e75fa296646a
-75.068690097999934,40.116477103000079,126,West Trenton Line,Bethayres,500 Station Ave,Station Ave,Welsh Rd,Huntingdon Valley,PA,19006,Lower Moreland,Montgomery,3,SEPTA,Own,15.1,Yes,Yes,410,410,0,0,No,No,No,Mini,Yes,Yes,Yes,Yes,Yes,No,Yes,Yes,No,Yes,Yes,Yes,Yes,Yes,No,Yes,No,13,12,152,,591,10,23,628,614,638,,,94,1,1,99,95,100,,,67,5,0,50,67,55,,,776,793,3234,3346,,165473,171131,,90318,40.11647195,-75.06868899,87340e43-7bb4-4731-a949-14c19c37cc01
-75.020920365999984,40.127821327000049,127,West Trenton Line,Forest Hills,299 Byberry Rd,Byberry Rd,Philmont Ave,Philadelphia,PA,19116,Philadelphia,Philadelphia,3,SEPTA,Own,17.7,Yes,Yes,155,155,4,8,No,No,No,Mini,No,No,No,No,Yes,No,Yes,Yes,No,Yes,Yes,Yes,Yes,Yes,No,Yes,No,13,5,170,10,480,4,6,445,486,449,,,43,0,0,53,43,53,,,55,1,4,29,59,30,,,588,532,2532,2326,,129588,118889,,90320,40.12781652,-75.02091885,fac45670-7e00-4dcf-a232-3f2ab88d0a1e
-74.913019003999977,40.160661005000065,128,West Trenton Line,Langhorne,137 Comly Ave,Comly Ave,Bellevue Ave,Langhorne,PA,19047,Middletown,Bucks,4,SEPTA,Own,23.9,No,Yes,437,392,0,0,No,No,No,Low,Yes,Yes,Yes,Yes,No,No,Yes,Yes,No,Yes,Yes,Yes,Yes,Yes,No,No,No,8,6,142,,560,15,6,595,566,610,,,200,8,4,196,204,204,,,106,2,2,98,108,100,,,878,914,3142,3354,,161202,171958,,90324,40.16065653,-74.91301721,40341ec6-de05-4dba-889c-7b107bb01be4
-75.092473003999942,40.111320617000047,129,West Trenton Line,Meadowbrook,1430 Old Valley Rd,Old Valley Rd,Mill Rd,Jenkintown,PA,19046,Abington,Montgomery,3,SEPTA,Own,13.8,No,Yes,90,90,0,0,No,No,No,Low,No,No,No,No,No,No,Yes,Yes,No,Yes,Yes,Yes,Yes,Yes,No,No,No,13,4,153,,142,1,26,127,168,128,,,36,0,0,29,36,29,,,26,1,1,17,27,18,,,231,175,903,687,,46278,35192,,90317,40.11131547,-75.09247188,c5649ed1-4124-47fb-bb61-87d73c358303
-74.962169295999956,40.146827732000077,130,West Trenton Line,Neshaminy Falls,4255 E. Bristol Rd,E. Bristol Rd,Grove Ave,Trevose,PA,19053,Bensalem,Bucks,3,SEPTA,Own,21.1,Yes,Yes,187,179,0,0,No,No,No,Mini,No,No,No,No,Yes,No,Yes,Yes,No,Yes,Yes,Yes,Yes,Yes,Yes,No,No,8,6,18,,252,2,9,295,261,297,,,45,1,3,52,48,53,,,34,0,0,23,34,23,,,343,373,1387,1561,,71023,79825,,90323,40.14682277,-74.96216794,2b0d2123-483b-433c-a7b7-2403091c6978
-75.124613187999955,40.104345463000072,131,West Trenton Line,Noble,801 Old York Rd,Old York Rd,Baeder Rd,Jenkintown,PA,19046,Abington,Montgomery,3,SEPTA,Own,12,No,Yes,90,76,0,0,No,No,No,Low,No,No,No,No,Yes,No,Yes,Yes,No,Yes,Yes,Yes,Yes,Yes,No,No,No,13,4,153,,207,34,48,191,255,225,,,45,14,13,54,58,68,,,29,12,6,27,35,39,,,348,332,1368,1232,,70071,63173,,90315,40.10434031,-75.12461207,450bce93-9ab0-4a98-8869-bfbab80b55c2
-75.043754030999935,40.121869783000079,132,West Trenton Line,Philmont,106 Tomlinson Rd,Tomlinson Rd,Philmont Ave,Huntingdon Valley,PA,19006,Lower Moreland,Montgomery,3,SEPTA,Own,16.4,Yes,Yes,412,412,2,10,No,No,No,Mini,Yes,Yes,Yes,Yes,No,Yes,Yes,Yes,No,Yes,Yes,Yes,Yes,Yes,No,No,No,13,12,152,,671,13,14,675,685,688,,,104,3,1,108,105,111,,,67,3,3,71,70,74,,,860,873,3600,3625,,184195,185504,,90319,40.12186463,-75.04375292,16fd26da-56c8-4273-924d-14ccd4917be2
-75.110644128999979,40.107378188000041,133,West Trenton Line,Rydal,1470 Susquehanna Rd,Susquehanna Rd,Washington Ln,Jenkintown,PA,19046,Abington,Montgomery,3,SEPTA,Own,12.8,No,Yes,43,37,0,0,No,No,No,Low,No,No,No,No,Yes,No,Yes,Yes,No,Yes,Yes,Yes,Yes,Yes,No,No,No,13,4,153,,91,45,51,92,142,137,,,32,3,3,29,35,32,,,34,3,1,16,35,19,,,212,188,780,736,,40060,37701,,90316,40.10737304,-75.11064301,f385f3fd-54b6-4e10-9273-7d3dcefd4cd3
-75.0120294,40.13062644200005,134,West Trenton Line,Somerton,13623 Philmont Ave,Philmont Ave,Bustleton Ave,Philadelphia,PA,19116,Philadelphia,Philadelphia,3,SEPTA,Own,18.2,Yes,Yes,201,201,3,6,No,No,No,Mini,Yes,Yes,No,Yes,Yes,No,Yes,Yes,No,Yes,Yes,Yes,Yes,Yes,No,Yes,No,13,5,170,10,701,10,17,697,718,707,,,174,7,6,140,180,147,,,70,10,5,66,75,76,,,973,930,3846,3758,,196826,192337,,90321,40.13062163,-75.01202788,61a91f33-20a4-4327-a1f5-1629cc5ea86b
-74.982746670999973,40.140142291000075,135,West Trenton Line,Trevose,1100 Boundbrook Ave,Boundbrook Ave,Ridge Ave,Trevose,PA,19053,Bensalem,Bucks,3,SEPTA,Own,19.9,Yes,Yes,219,202,0,0,No,No,No,Low,No,No,No,No,No,No,Yes,Yes,No,Yes,Yes,Yes,Yes,Yes,Yes,No,No,8,6,18,,333,6,12,359,345,365,,,61,0,2,58,63,58,,,46,5,6,27,52,32,,,460,455,1840,1916,,94267,97972,,90322,40.14013777,-74.98274491,7ee711ff-0ae5-40ac-adad-f8ce9ead56ef
-74.815518290999989,40.257296742000051,136,West Trenton Line,West Trenton,3 Railroad Ave,Railroad Ave,Grand Ave,Trenton,NJ,08628,Ewing,Mercer,6,NJ Transit,Not Owned or Leased,32.6,No,Yes,142,142,2,16,No,No,No,Low,No,Yes,No,Yes,Yes,Yes,Yes,Yes,No,Yes,Yes,Yes,Yes,Yes,No,No,No,,,,,291,0,0,353,291,353,,,103,0,0,124,103,124,,,57,0,0,53,57,53,,,451,530,1614,1942,,82790,99537,,90327,40.25729586,-74.81551674,8856f7c2-6fe7-416e-a18b-7713d27a7ccb
-74.890910826999971,40.190848574000029,137,West Trenton Line,Woodbourne,903 Woodbourne Rd,Woodbourne Rd,Butternut Ln,Langhorne,PA,19047,Middletown,Bucks,4,SEPTA,Own,26.5,No,Yes,493,473,2,6,No,No,No,Mini,No,No,No,No,No,No,Yes,Yes,No,Yes,Yes,Yes,Yes,Yes,No,No,No,8,6,142,,571,6,1,628,572,634,,,154,3,0,163,154,166,,,60,0,0,69,60,69,,,786,869,3074,3405,,157348,174304,,90325,40.19084671,-74.89090866,bf52df73-f29d-4001-b9c9-122d4ef36f52
-74.830947069999979,40.235094120000042,138,West Trenton Line,Yardley,13 Reading Ave,Reading Ave,S. Main St,Morrisville,PA,19067,Yardley,Bucks,4,SEPTA,Own,30.7,No,Yes,275,242,2,10,No,No,No,Low,No,No,No,No,No,No,Yes,Yes,No,Yes,Yes,Yes,Yes,Yes,No,No,No,8,10,31,,448,1,1,438,449,439,,,192,0,0,201,192,201,,,108,1,0,91,108,92,,,749,732,2546,2488,,130794,127733,,90326,40.23509069,-74.8309448,18680b5a-ea73-41e9-867a-aa5b5c764268
-75.359930786999939,39.849552515000028,139,Wilmington Newark Line,Chester T.C.,550 Avenue of the States,Avenue of the States,6th St,Chester,PA,19013,Chester,Delaware,3,AMTRAK,Leased,13.4,Yes,No,N/A,0,0,0,No,Yes,Yes,Mini,Yes,Yes,Yes,Yes,No,Yes,Yes,Yes,No,Yes,Yes,Yes,Yes,Yes,Yes,Yes,Yes,1,9,159,,214,60,53,255,267,315,,,186,31,27,239,213,270,,,78,13,10,67,88,80,,,568,665,1636,1925,,84265,99005,,90207,39.84955252,-75.35993079,93fba982-8953-48b0-aa87-564866db4059
-75.673147042999972,39.694532239000068,140,Wilmington Newark Line,Churchmans Crossing,1 Fairplay Blvd,Fairplay Blvd,Ogletown Stanton Rd,Newark,DE,19713,Upper Christiana,New Castle,4,AMTRAK,Leased,34.3,Yes,Yes,230,230,5,9,No,Yes,Yes,Mini,No,No,No,No,Yes,No,Yes,Yes,No,Yes,Yes,Yes,Yes,Yes,No,No,No,,,,,274,0,6,286,280,286,,,0,0,0,0,0,0,,,0,0,0,0,0,0,,,280,286,1400,1430,,71400,72930,,90202,39.69453224,-75.67314704,943f3971-8c51-49af-89e6-87f62a6d2784
-75.451993964999986,39.797852172000034,141,Wilmington Newark Line,Claymont,200 Myrtle Ave,Myrtle Ave,Marion Ave,Claymont,DE,19703,Brandywine,New Castle,4,AMTRAK,Leased,19.6,Yes,Yes,497,449,5,9,No,No,No,Mini,No,No,No,No,Yes,No,Yes,Yes,No,Yes,Yes,Yes,Yes,Yes,No,No,No,,,,,567,12,13,604,580,616,,,62,2,8,49,70,51,,,37,3,2,54,39,57,,,689,724,3009,3188,,153802,163038,,90204,39.79785217,-75.45199396,5b0b26d0-2f93-4f75-b9c8-5932ab91e931
-75.33096636199997,39.871851704000051,142,Wilmington Newark Line,Crum Lynne,350 W. Ridley Ave,W. Ridley Ave,Chester Pike,Ridley Park,PA,19078,Ridley Park,Delaware,3,AMTRAK,Leased,11.2,No,Yes,25,16,0,0,No,No,No,Low,No,No,No,No,Yes,No,Yes,Yes,No,Yes,Yes,Yes,Yes,Yes,No,Yes,No,7,8,162,,62,7,8,99,70,106,,,24,10,1,15,25,25,,,11,1,2,10,13,11,,,108,142,388,566,,19904,28968,,90209,39.8718517,-75.33096636,e3035bbb-3b81-4eb3-a00d-80206df65416
-75.265025285999968,39.908011672000043,143,Wilmington Newark Line,Curtis Park,400 Oak Ave,Oak Ave,Elmwood Ave,Sharon Hill,PA,19079,Sharon Hill,Delaware,2,AMTRAK,Leased,6.8,No,Yes,24,24,0,0,No,No,No,Low,No,No,No,No,No,Yes,Yes,Yes,No,Yes,Yes,Yes,Yes,Yes,Yes,Yes,Yes,1,8,162,,66,20,16,72,82,92,,,23,2,3,18,26,20,,,12,0,2,13,14,13,,,122,125,450,493,,23074,25254,,90216,39.90801167,-75.26502529,74801129-6026-4451-b47a-eefa45902e8f
-75.254553409999971,39.912949028000071,144,Wilmington Newark Line,Darby,399 S. 4th St,S. 4th St,Pine St,Darby,PA,19023,Darby,Delaware,2,AMTRAK,Leased,6.1,No,Yes,21,15,0,0,No,No,No,Low,No,No,No,No,Yes,No,Yes,Yes,No,Yes,Yes,Yes,Yes,Yes,Yes,Yes,Yes,1,8,185,,67,29,40,89,107,118,,,38,10,21,35,59,45,,,28,10,13,29,41,39,,,207,202,635,674,,32731,34692,,90217,39.91294903,-75.25455341,55decbb5-e5e4-4b3b-9b0d-ef2dae112ce8
-75.341661354999985,39.857423661000041,145,Wilmington Newark Line,Eddystone,650 Saville Ave,Saville Ave,Industrial Hwy,Crum Lynne,PA,19022,Eddystone,Delaware,3,AMTRAK,Leased,12.3,No,Yes,12,1,0,0,No,No,No,Low,No,No,No,No,Yes,No,Yes,Yes,No,Yes,Yes,Yes,Yes,Yes,No,No,No,1,9,159,,55,10,9,53,64,63,,,17,0,0,14,17,14,,,13,0,0,5,13,5,,,94,82,350,334,,17958,17083,,90208,39.85742366,-75.34166135,0bdeb046-2d6c-44bc-89b8-fa7742ddc50d
-75.279755984999952,39.900556051000081,146,Wilmington Newark Line,Folcroft,1555 Baltimore Ave,Baltimore Ave,Elmwood Ave,Folcroft,PA,19032,Folcroft,Delaware,2,AMTRAK,Leased,7.7,No,Yes,43,37,0,0,No,No,No,Low,Yes,Yes,Yes,Yes,No,No,Yes,Yes,No,Yes,Yes,Yes,Yes,Yes,Yes,Yes,Yes,1,8,162,,165,17,13,175,178,192,,,69,4,8,43,77,47,,,27,9,4,26,31,35,,,286,274,998,1042,,51192,53434,,90214,39.90055605,-75.27975598,a0f9a803-ae84-41b8-aac3-8400bec3462b
-75.290017163999948,39.896274470000037,147,Wilmington Newark Line,Glenolden,85 E. Glenolden Ave,E. Glenolden Ave,Chester Pike,Glenolden,PA,19036,Glenolden,Delaware,2,AMTRAK,Leased,8.3,No,Yes,72,54,0,0,No,No,No,Low,Yes,Yes,No,Yes,No,No,Yes,Yes,No,Yes,Yes,Yes,Yes,Yes,No,Yes,No,1,8,162,,149,10,19,183,168,193,,,46,6,9,53,55,59,,,24,1,6,25,30,26,,,253,278,925,1050,,47440,53791,,90213,39.89627447,-75.29001716,bef56cc6-4fd7-4c49-aa1c-054202ab4474
-75.393030719999956,39.833686115000035,148,Wilmington Newark Line,Highland Avenue,450 Highland Ave,Highland Ave,6th St,Chester,PA,19013,Chester,Delaware,3,AMTRAK,Leased,15.5,No,Yes,13,9,0,0,No,No,No,Low,No,No,No,No,Yes,No,Yes,Yes,No,Yes,Yes,Yes,Yes,Yes,Yes,Yes,Yes,2,4,200,8,77,12,12,82,89,94,,,60,8,8,100,68,108,,,39,4,6,35,45,39,,,202,241,558,617,,28841,31848,,90206,39.83368612,-75.39303072,4b29f2aa-6a0b-4c16-b32e-813f5c7a8211
-75.41953923899996,39.821655603000067,149,Wilmington Newark Line,Marcus Hook,20 W. 12th St,W. 12th St,Washington Ave,Marcus Hook,PA,19061,Marcus Hook,Delaware,3,AMTRAK,Leased,17.1,No,Yes,342,342,0,0,No,No,No,Low,Yes,Yes,No,Yes,No,Yes,Yes,Yes,No,Yes,Yes,Yes,Yes,Yes,No,Yes,No,7,9,159,,672,20,9,582,681,602,,,196,3,10,176,206,179,,,76,3,3,100,79,103,,,966,884,3690,3292,,188949,168792,,90205,39.8216556,-75.41953924,91f2bb64-24a3-4adb-9b18-44af0da90032
-75.752793399999973,39.67018255000005,150,Wilmington Newark Line,Newark,10 Mopar Dr & S. College Ave,Mopar Dr,S. College Ave,Newark,DE,19711,Newark,New Castle,4,AMTRAK,Leased,38.9,Yes,Yes,440,269,11,21,No,No,No,Mini,Yes,Yes,No,No,No,No,Yes,Yes,No,Yes,Yes,Yes,Yes,Yes,No,No,No,,,,,406,0,0,333,406,333,,,0,0,0,0,0,0,,,0,0,0,0,0,0,,,406,333,2030,1665,,103530,84915,,90201,39.670178,-75.752792,156cd555-0173-4359-a197-8eb2c22ff5ff
-75.302156044999947,39.89122026900003,151,Wilmington Newark Line,Norwood,498 Welcome Ave,Welcome Ave,Winona Ave,Norwood,PA,19074,Norwood,Delaware,2,AMTRAK,Leased,9,No,Yes,112,76,0,0,No,No,No,Low,Yes,Yes,No,Yes,Yes,No,Yes,Yes,No,Yes,Yes,Yes,Yes,Yes,No,No,No,7,8,162,,271,10,11,240,282,250,,,55,6,6,47,61,53,,,22,3,3,21,25,24,,,368,327,1496,1327,,76532,67898,,90212,39.89122027,-75.30215604,e285a9d4-675c-4733-b298-9b83c540c166
-75.309415495999986,39.888127175000079,152,Wilmington Newark Line,Prospect Park,749 Maryland Ave,Maryland Ave,Lincoln Ave,Propect Park,PA,19076,Prospect Park,Delaware,2,AMTRAK,Leased,9.5,No,Yes,50,50,2,8,No,No,No,Low,Yes,Yes,Yes,Yes,No,Yes,Yes,Yes,No,Yes,Yes,Yes,Yes,Yes,No,Yes,No,7,8,162,,223,11,17,238,240,249,,,64,14,6,41,70,55,,,26,3,1,31,27,34,,,337,338,1297,1334,,66406,68327,,90211,39.88812718,-75.3094155,9322228d-b835-499d-825c-e9457259fa6f
-75.322089236999943,39.880527080000036,153,Wilmington Newark Line,Ridley Park,201 E. Hinckley Ave,E. Hinckley Ave,Morton Ave,Ridley Park,PA,19078,Ridley Park,Delaware,3,AMTRAK,Leased,10.4,No,Yes,61,41,5,10,No,No,No,Low,Yes,Yes,No,Yes,Yes,Yes,Yes,Yes,No,Yes,Yes,Yes,Yes,Yes,No,No,No,7,8,162,,238,16,13,231,251,247,,,97,14,6,88,103,102,,,42,4,4,36,46,40,,,400,389,1404,1377,,72029,70609,,90210,39.88052708,-75.32208924,9cc4679a-07e7-46a8-bb87-c759507d2f4b
-75.270915682999942,39.904257266000059,154,Wilmington Newark Line,Sharon Hill,414 Sharon Ave,Sharon Ave,Elmwood Ave,Sharon Hill,PA,19079,Sharon Hill,Delaware,2,AMTRAK,Leased,7.2,No,Yes,35,21,0,0,No,No,No,Low,No,No,No,No,No,No,Yes,Yes,No,Yes,Yes,Yes,Yes,Yes,Yes,Yes,Yes,1,8,162,,179,25,15,111,194,136,,,53,6,9,36,62,42,,,30,5,5,28,35,33,,,291,211,1067,755,,54724,38778,,90215,39.90425727,-75.27091568,23aa3e77-db11-46d6-9cc2-d174a8d34af8
-75.550934016999975,39.736952045000066,155,Wilmington Newark Line,Wilmington,100 S. French St,E. Front St,French St,Wimington,DE,19801,Wilmington,New Castle,4,AMTRAK,Leased,26.8,Yes,No,N/A,0,0,0,No,Yes,Yes,High,Yes,Yes,Yes,Yes,No,Yes,Yes,Yes,No,Yes,Yes,Yes,Yes,Yes,No,No,No,,,,,1064,49,25,897,1089,946,,,420,0,0,408,420,408,,,271,0,1,236,272,236,,,1781,1590,6137,5374,,315311,276134,,90203,39.73695205,-75.55093402,74928c95-fa9d-4e9b-b069-9c000f389a3d
